source_sheet,SCHOOL,POSITION,NAME,HEIGHT,WEIGHT,CLASS,BIRTHPLACE
Big 10,OHIO STATE,QB1,Julian Sayin,"6' 1""",208 lbs,JR,"Carlsbad, CA"
Big 10,OHIO STATE,QB2,Tavien St. Clair,"6' 4""",230 lbs,SO,"Bellefontaine, OH"
Big 10,OHIO STATE,RB1,Bo Jackson,"6' 0""",217 lbs,SO,"Cleveland, OH"
Big 10,OHIO STATE,RB2,Isaiah West,"5' 10""",210 lbs,SO,"Philadelphia, PA"
Big 10,OHIO STATE,RB3,Ja'Kobi Jackson,"5' 11""",214 lbs,SR,"Pensacola, FL"
Big 10,OHIO STATE,WR1,Jeremiah Smith,"6' 3""",223 lbs,JR,"Miami Gardens, FL"
Big 10,OHIO STATE,WR2,Chris Henry Jr.,"6'5""",195 lbs,FR,"Sant Ana, CA"
Big 10,OHIO STATE,WR3,Brandon Inniss,"6' 0""",199 lbs,JR,"Hollywood, FL"
Big 10,OHIO STATE,WR4,Devin McCuin,"6'0""",195 lbs,SR,"Jacksonville, TX"
Big 10,OHIO STATE,TE1,Nate Roberts,"6' 5""",240 lbs,FR,"Washington, OK"
Big 10,OHIO STATE,TE2,Mason Williams,"6'4""",247 lbs,Senior,"Mogadore, Ohio"
Big 10,OHIO STATE,K,Connor Hawkins,"6'2""",199 lbs,SO,"Liberty Hill, TX"
Big 10,ILLINOIS,QB1,Katin Houser,"6'3""",225 lbs,SR,"Anaheim, CA"
Big 10,ILLINOIS,QB2,Carson Boyd,"6'0""",185 lbs,SO,"St. Louis, MO"
Big 10,ILLINOIS,RB1,Ca'Lil Valentine,"5'11""",190 lbs,JR,"Hayward, CA"
Big 10,ILLINOIS,RB2,Aidan Laughery,"5' 11""",200 lbs,SR,"Gibson City, IL"
Big 10,ILLINOIS,RB3,Javari Barnett,"6'0""",205 lbs,FR,"Tampa, FL"
Big 10,ILLINOIS,WR1,Alex Perry,"6'5""",210 lbs,Sr,"Port Charlotte, Fl"
Big 10,ILLINOIS,WR2,Collin Dixon,"6' 1""",210 lbs,JR,"Tallmadge, OH"
Big 10,ILLINOIS,WR3,Hudson Clement,"6' 1""",205 lbs,SR,"Martinsburg, WV"
Big 10,ILLINOIS,WR4,Jayshon Platt,"6'1""",195 lbs,SR,"Sarasota, FL"
Big 10,ILLINOIS,TE1,Christian Abney,"6' 6""",255 lbs,SR,"Zionsville, IN"
Big 10,ILLINOIS,TE2,Kaden Feagin,"6'3""",250 lbs,Sr,"Atwood, IL"
Big 10,ILLINOIS,K,Lucas Osada,"6' 1""",200 lbs,JR,"Charlottesville, VA"
Big 10,INDIANA,QB1,Josh Hoover,"6' 2""",200 lbs,SR,"Heath, TX"
Big 10,INDIANA,QB2,Grant Wilson,"6' 3""",217 lbs,SR,"Arlington, VA"
Big 10,INDIANA,RB1,Turbo Richard,"5' 8""",207 lbs,SR,"Charlotte, NC"
Big 10,INDIANA,RB2,Khobie Martin,"6' 0""",207 lbs,JR,"Fishers, IN"
Big 10,INDIANA,RB3,Lee Beebe Jr.,"5' 10""",220 lbs,SR,"Montgomery, AL"
Big 10,INDIANA,WR1,Nick Marsh,"6' 3""",203 lbs,SR,"Detroit, MI"
Big 10,INDIANA,WR2,Charlie Becker,"6' 4""",204 lbs,SR,"Nashville, TN"
Big 10,INDIANA,WR3,Tyler Morris,"5' 11""",185 lbs,SR,"Bolingbrook, IL"
Big 10,INDIANA,WR4,Shazz Preston,"6' 0""",206 lbs,SR,"Saint James, LA"
Big 10,INDIANA,TE1,Andrew Barker,"6' 4""",240 lbs,JR,"Kokomo, IN"
Big 10,INDIANA,TE2,Brock Schott,"6'3""",N/A,SO,"Leo, IN"
Big 10,INDIANA,K,Nico Radicic,"5' 11""",193 lbs,JR,"Coppell, TX"
Big 10,IOWA,QB1,Jeremy Hecklinski,"5' 11""",188 lbs,SO,"Marietta, GA"
Big 10,IOWA,QB2,Hank Brown,"6' 4""",215 lbs,JR,"Nashville, TN"
Big 10,IOWA,WR1,Reece Vander Zee,"6' 4""",215 lbs,JR,"Rock Rapids, IA"
Big 10,IOWA,WR2,Tony Diaz,"5'10""",184 lbs,JR,"San Marcos, TX"
Big 10,IOWA,WR3,Evan James,"5'10""",170 lbs,SO,"Apopka, FL"
Big 10,IOWA,WR4,Dayton Howard,"6' 5""",215 lbs,JR,"Kansas City, MO"
Big 10,IOWA,RB1,Kamari Moulton,"5' 9""",205 lbs,JR,"Fort Lauderdale, FL"
Big 10,IOWA,RB2,Lendon Phillips Jr,"5'8""",211 lbs,SR,"Wichita, KS"
Big 10,IOWA,RB3,Xavier Williams,"5' 10""",225 lbs,SO,"Schererville, IN"
Big 10,IOWA,TE1,DJ Vonnahme,"6' 4""",240 lbs,SO,"Breda, IA"
Big 10,IOWA,TE2,Addison Ostrenga,"6' 4""",248 lbs,SR,"Sun Prairie, WI"
Big 10,IOWA,K,Eli Ozick,"5'11""",199 lbs,SR,"Liberty, Mo"
Big 10,MARYLAND,QB1,Malik Washington,"6' 5""",231 lbs,SO,"Glen Burnie, MD"
Big 10,MARYLAND,QB2,Devin Kargman,"6' 3""",225 lbs,SR,"Camden, NJ"
Big 10,MARYLAND,RB1,DeJuan Williams,"5' 11""",215 lbs,SO,"Baltimore, MD"
Big 10,MARYLAND,RB2,Harry Dalton III,"5'10""",205 lbs,SO,"Dinwiddie, VA"
Big 10,MARYLAND,RB3,Iverson Howard,"5' 11""",195 lbs,SO,"Gaithersburg, MD"
Big 10,MARYLAND,WR1,Kaleb Webb,"6' 5""",201 lbs,SR,"Powder Springs, GA"
Big 10,MARYLAND,WR2,Na'eem Abdul-Rahim Gladding,"6' 0""",198 lbs,JR,"Brooklyn, NY"
Big 10,MARYLAND,WR3,Chris Durr Jr.,"5' 10""",173 lbs,JR,"Chicago, IL"
Big 10,MARYLAND,WR4,Jordan Scott,"6' 7""",220 lbs,SR,"Lynchburg, VA"
Big 10,MARYLAND,TE1,Dorian Fleming,"6' 3""",245 lbs,JR,"Henrico, VA"
Big 10,MARYLAND,TE2,Preston Howard,"6' 5""",236 lbs,SR,"Arbutus, MD"
Big 10,MARYLAND,K,Sean O'Haire,"6' 2""",188 lbs,SO,"Kildare, Ireland"
Big 10,MICHIGAN,QB1,Bryce Underwood,"6' 4""",228 lbs,SO,"Detroit, MI"
Big 10,MICHIGAN,RB1,Jordan Marshall,"5' 11""",216 lbs,JR,"Cincinnati, OH"
Big 10,MICHIGAN,RB2,Savion Hiter,"6' 0""",200 lbs,SO,"Mineral, VA"
Big 10,MICHIGAN,RB3,Bryson Kuzdzal,"5' 11""",210 lbs,SR,"Grand Rapids, MI"
Big 10,MICHIGAN,WR1,Andrew Marsh,"6' 0""",190 lbs,SO,"Katy, TX"
Big 10,MICHIGAN,WR2,Jaime Ffrench Jr.,"6' 1""",185 lbs,SO,"Jacksonville, FL"
Big 10,MICHIGAN,WR3,JJ Buchanan,"6' 4""",208 lbs,SO,"Henderson, NV"
Big 10,MICHIGAN,WR4,Jamar Browder,"6' 5""",215 lbs,SO,"Jacksonville, FL"
Big 10,MICHIGAN,TE1,Zack Marshall,"6' 4""",245 lbs,SR,"Carlsbad, CA"
Big 10,MICHIGAN,TE2,Hogan Hansen,"6' 5""",240 lbs,JR,"Bellevue, WA"
Big 10,MICHIGAN,K,Trey Butkowski,"6' 0""",170 lbs,SO,"Orlando, FL"
Big 10,MICHIGAN STATE,QB1,Alessio Milivojevic,"6' 2""",218 lbs,SO,"Naperville, IL"
Big 10,MICHIGAN STATE,QB2,Cam Fancher,"6' 2""",200 lbs,SR,"Dayton, OH"
Big 10,MICHIGAN STATE,RB1,Cam Edwards,"5' 11""",210 lbs,SR,"Norwalk, CT"
Big 10,MICHIGAN STATE,RB2,Jaziun Patterson,"5' 10""",210 lbs,SR,"Pompano Beach, FL"
Big 10,MICHIGAN STATE,RB3,Brandon Tullis,"6' 1""",227 lbs,JR,"Dallas, TX"
Big 10,MICHIGAN STATE,WR1,Fredrick Moore,"6' 1""",191 lbs,SR,"St. Louis, MO"
Big 10,MICHIGAN STATE,WR2,KK Smith,"6' 0""",177 lbs,JR,"Frisco, TX"
Big 10,MICHIGAN STATE,WR3,Chrishon McCray,"5' 10""",171 lbs,SR,"Avon, IN"
Big 10,MICHIGAN STATE,WR4,Bryson Williams,"6' 1""",219 lbs,SO,"Canton, MI"
Big 10,MICHIGAN STATE,TE1,Brennan Parachek,"6' 5""",251 lbs,SR,"Dexter, MI"
Big 10,MICHIGAN STATE,TE2,Kai Rios,"6' 6""",263 lbs,SR,"Rock Island, IL"
Big 10,MICHIGAN STATE,K,Liam Boyd,"6' 1""",200 lbs,SR,"Asheville, NC"
Big 10,MINNESOTA,QB1,Drake Lindsey,"6' 5""",230 lbs,SO,"Fayetteville, AR"
Big 10,MINNESOTA,QB2,Max Shikenjanski,"6' 2""",185 lbs,JR,"Stillwater, MN"
Big 10,MINNESOTA,RB1,Darius Taylor,"6' 0""",215 lbs,SR,"Detroit, MI"
Big 10,MINNESOTA,RB2,A.J. Turner,"6' 0""",195 lbs,SR,"Hampton, VA"
Big 10,MINNESOTA,RB3,Grant Washington,"5' 10""",200 lbs,FR,"Avon, OH"
Big 10,MINNESOTA,WR1,Jalen Smith,"6' 1""",195 lbs,SO,"Mankato, MN"
Big 10,MINNESOTA,WR2,Perry Thompson,"6' 3""",220 lbs,JR,"Foley, AL"
Big 10,MINNESOTA,WR3,Javon Tracy,"6' 0""",205 lbs,SR,"Indianapolis, IN"
Big 10,MINNESOTA,WR4,Noah Jennings,"6' 0""",190 lbs,SR,"Columbia, SC"
Big 10,MINNESOTA,TE1,Kaden Helms,"6' 5""",238 lbs,SR,"Bellevue, NE"
Big 10,MINNESOTA,TE2,Pierce Walsh,"6' 4""",250 lbs,JR,"Downers Grove, IL"
Big 10,MINNESOTA,K,Beckham Sunderland,"6' 1""",216 lbs,SR,"Newport, KY"
Big 10,NEBRASKA,QB1,Anthony Colandrea,"6' 0""",205 lbs,SR,"St. Petersburg, FL"
Big 10,NEBRASKA,QB2,TJ Lateef,"6' 1""",200 lbs,SO,"Compton, CA"
Big 10,NEBRASKA,RB1,Isaiah Mozee,"6' 0""",210 lbs,SO,"Kansas City, MO"
Big 10,NEBRASKA,RB2,Mekhi Nelson,"6' 0""",195 lbs,SO,"Wilkes-Barre, PA"
Big 10,NEBRASKA,RB3,Kwinten Ives,"6' 3""",215 lbs,JR,"Beverly, NJ"
Big 10,NEBRASKA,WR1,Nyziah Hunter,"6' 1""",205 lbs,JR,"Salinas, CA"
Big 10,NEBRASKA,WR2,Kwazi Gilmer,"6' 2""",190 lbs,JR,"Los Angeles, CA"
Big 10,NEBRASKA,WR3,Jacory Barney Jr.,"6' 0""",170 lbs,JR,"Florida City, FL"
Big 10,NEBRASKA,WR4,Quinn Clark,"6' 5""",210 lbs,SO,"Bozeman, MT"
Big 10,NEBRASKA,TE1,Luke Lindenmeyer,"6' 3""",250 lbs,SR,"La Vista, NE"
Big 10,NEBRASKA,TE2,Carter Nelson,"6' 5""",240 lbs,JR,"Ainsworth, NE"
Big 10,NEBRASKA,K,Kyle Cunanan,"5' 10""",180 lbs,JR,"Phoenix, AZ"
Big 10,NORTHWESTERN,QB1,Aidan Chiles,"6' 3""",225 lbs,SR,"Long Beach, CA"
Big 10,NORTHWESTERN,QB2,Nicco Marchiol,"6' 2""",235 lbs,SR,"Chandler, AZ"
Big 10,NORTHWESTERN,RB1,Caleb Komolafe,"5' 11""",210 lbs,JR,"Katy, TX"
Big 10,NORTHWESTERN,RB2,Gavin Sawchuk,"5' 11""",202 lbs,SR,"Littleton, CO"
Big 10,NORTHWESTERN,RB3,Joseph Himon II,"5' 9""",190 lbs,SR,"Little Rock, AR"
Big 10,NORTHWESTERN,WR1,Hayden Eligon II,"6' 4""",210 lbs,JR,"Lakewood, CA"
Big 10,NORTHWESTERN,WR2,Griffin Wilde,"6' 2""",200 lbs,SR,"Sioux Falls, SD"
Big 10,NORTHWESTERN,WR3,Drew Wagner,"5' 10""",185 lbs,JR,"Delafield, WI"
Big 10,NORTHWESTERN,WR4,Ricky Ahumaraeze,"6' 4""",210 lbs,JR,"Kansas City, MO"
Big 10,NORTHWESTERN,TE1,Alex Honig,"6' 7""",270 lbs,SR,"Bavaria, Germany"
Big 10,NORTHWESTERN,TE2,Luke Dehnicke,"6' 3""",210 lbs,FR,"Andover, MN"
Big 10,NORTHWESTERN,K,Jackson Kleather,"5' 10""",185 lbs,SR,"Tipp City, OH"
Big 10,OREGON,QB1,Dante Moore,"6' 3""",206 lbs,JR,"Detroit, MI"
Big 10,OREGON,QB2,Dylan Raiola,"6' 3""",230 lbs,JR,"Buford, GA"
Big 10,OREGON,RB1,Jordon Davison,"6' 0""",236 lbs,SO,"Santa Ana, CA"
Big 10,OREGON,RB2,Dierre Hill Jr.,"5' 11""",205 lbs,SO,"Centralia, IL"
Big 10,OREGON,RB3,Da'Jaun Riggs,"6' 0""",205 lbs,SO,"Washington, DC"
Big 10,OREGON,WR1,Evan Stewart,"6' 0""",170 lbs,SR,"Memphis, TN"
Big 10,OREGON,WR2,Dakorien Moore,"5' 11""",195 lbs,SO,"Duncanville, TX"
Big 10,OREGON,WR3,Jeremiah McClellan,"6' 0""",195 lbs,SO,"St. Louis, MO"
Big 10,OREGON,WR4,Gatlin Bair,"6' 2""",190 lbs,FR,"Burley, ID"
Big 10,OREGON,TE1,Jamari Johnson,"6' 5""",257 lbs,JR,"Inglewood, CA"
Big 10,OREGON,TE2,Andrew Olesh,"6' 5""",226 lbs,SO,"Center Valley, PA"
Big 10,OREGON,K,Gage Hurych,"6' 1""",189 lbs,SO,"West Linn, OR"
Big 10,PENN STATE,QB1,Rocco Becht,"6' 1""",210 lbs,SR,"Wesley Chapel, FL"
Big 10,PENN STATE,QB2,Alex Manske,"6' 3""",225 lbs,SO,"Algona, IA"
Big 10,PENN STATE,RB1,Carson Hansen,"6' 2""",220 lbs,SR,"Lakeville, MN"
Big 10,PENN STATE,RB2,James Peoples,"5' 10""",206 lbs,JR,"San Antonio, TX"
Big 10,PENN STATE,RB3,Quinton Martin Jr.,"6' 1""",206 lbs,SO,"Belle Vernon, PA"
Big 10,PENN STATE,WR1,Chase Sowell,"6' 3""",210 lbs,SR,"Humble, TX"
Big 10,PENN STATE,WR2,Brett Eskildsen,"6' 1""",200 lbs,JR,"Frisco, TX"
Big 10,PENN STATE,WR3,Koby Howard,"5' 11""",202 lbs,SO,"Pensacola, FL"
Big 10,PENN STATE,WR4,Zay Robinson,"5' 11""",185 lbs,SO,"Des Moines, IA"
Big 10,PENN STATE,TE1A,Benjamin Brahmer,"6' 7""",255 lbs,SR,"Pierce, NE"
Big 10,PENN STATE,TE1B,Andrew Rappleyea,"6' 4""",251 lbs,JR,"Millbrook, NY"
Big 10,PENN STATE,K,Ryan Barker,"6' 2""",202 lbs,JR,"Landenberg, PA"
Big 10,PURDUE,QB1,Ryan Browne,"6' 4""",210 lbs,JR,"Clarkston, MI"
Big 10,PURDUE,QB2,Evans Chuba,"6' 4""",220 lbs,SO,"Montreal, PQ"
Big 10,PURDUE,RB1,Fame Ijeboi,"6' 0""",210 lbs,SO,"Folcroft, PA"
Big 10,PURDUE,RB2,Jerrick Gibson,"5' 10""",206 lbs,JR,"Gainesville, FL"
Big 10,PURDUE,RB3,Antonio Harris,"6' 0""",210 lbs,JR,"Chandler, IN"
Big 10,PURDUE,WR1,Xavier Townsend,"5' 11""",195 lbs,SR,"Tampa, FL"
Big 10,PURDUE,WR2,Bisi Owens,"6' 4""",215 lbs,SR,"Cooksville, MD"
Big 10,PURDUE,WR3,Asaad Waseem,"5' 11""",175 lbs,JR,"Apopka, FL"
Big 10,PURDUE,WR4,Jaylan Hornsby,"6' 3""",215 lbs,SO,"Winslow, NJ"
Big 10,PURDUE,TE1,George Burhenn,"6' 5""",235 lbs,JR,"McCordsville, IN"
Big 10,PURDUE,TE2,Kylan Fox,"6' 4""",229 lbs,JR,"Valdosta, GA"
Big 10,PURDUE,K,Jacobo Lozano,"5'10""",170 lbs,FR,"Upper St. Clair, PA"
Big 10,RUTGERS,QB1,AJ Surace,"6' 2""",212 lbs,JR,"Pennington, NJ"
Big 10,RUTGERS,QB2,Dylan Lonergan,"6' 2""",211 lbs,JR,"Snellville, GA"
Big 10,RUTGERS,RB1,Antwan Raymond,"5' 11""",205 lbs,JR,"Montreal, Canada"
Big 10,RUTGERS,RB2,Clay Thevenin,"5' 10""",195 lbs,JR,"Fort Lauderdale, FL"
Big 10,RUTGERS,RB3,Ja'shon Benjamin,"5' 9""",203 lbs,SR,"Pahokee, FL"
Big 10,RUTGERS,WR1,KJ Duff,"6' 6""",225 lbs,JR,"Riverhead, NY"
Big 10,RUTGERS,WR2,Ben Black,"6' 0""",184 lbs,JR,"Charlotte, NC"
Big 10,RUTGERS,WR3,Jourdin Houston,"6' 1""",195 lbs,SO,"Bronx, NY"
Big 10,RUTGERS,WR4,Michael Thomas III,"5' 11""",202 lbs,SO,"Barnegat, NJ"
Big 10,RUTGERS,TE1,Logan Blake,"6' 6""",261 lbs,SR,"Frenchtown, NJ"
Big 10,RUTGERS,TE2,Kameron Anthony,"6' 4""",238 lbs,SO,"Fishers, IN"
Big 10,RUTGERS,K,Jai Patel,"5' 9""",180 lbs,SR,"Monmouth Junction, NJ"
Big 10,UCLA,QB1,Nico Iamaleava,"6' 6""",215 lbs,JR,"Long Beach, CA"
Big 10,UCLA,QB2,Madden Iamaleava,"6' 3""",195 lbs,SO,"Long Beach, CA"
Big 10,UCLA,RB1,Wayne Knight,"5' 7""",190 lbs,SR,"Smyrna, DE"
Big 10,UCLA,RB2,Anthony Woods,"5' 11""",185 lbs,SR,"Palmdale, CA"
Big 10,UCLA,RB3,Jaivian Thomas,"5' 11""",195 lbs,SR,"Oakland, CA"
Big 10,UCLA,WR1,Leland Smith,"6' 4""",215 lbs,SR,"Houston, TX"
Big 10,UCLA,WR2,Landon Ellis,"6' 2""",213 lbs,SR,"Orange, VA"
Big 10,UCLA,WR3,Mikey Matthews,"5' 9""",180 lbs,SR,"Irvine, CA"
Big 10,UCLA,WR4,Aidan Mizell,"6'2""",185 lbs,JR,"Orlando, FL"
Big 10,UCLA,TE1,Joshua Phifer,"6' 6""",259 lbs,JR,"Peachtree City, GA"
Big 10,UCLA,TE2,Brayden Loftin,"6' 5""",230 lbs,SR,"Omaha, NE"
Big 10,UCLA,K,Mateen Bhaghani,"6' 1""",175 lbs,SR,"San Diego, CA"
Big 10,USC,QB1,Jayden Maiava,"6' 4""",230 lbs,SR,"Palolo, HI"
Big 10,USC,QB2,Sam Huard,"6' 1""",210 lbs,SR,"Bellevue, WA"
Big 10,USC,RB1,Waymond Jordan,"5' 9""",210 lbs,SR,"Pensacola, FL"
Big 10,USC,RB2,King Miller,"6' 0""",210 lbs,SO,"Calabasas, CA"
Big 10,USC,RB3,Riley Wormley,"5' 9""",180 lbs,SO,"Euless, TX"
Big 10,USC,WR1,Terrell Anderson,"6' 2""",204 lbs,JR,"Greensboro, NC"
Big 10,USC,WR2,Tanook Hines,"6' 0""",195 lbs,SO,"Houston, TX"
Big 10,USC,WR3,Zacharyus Williams,"6' 2""",195 lbs,JR,"Carson, CA"
Big 10,USC,WR4,Corey Simms,"6' 3""",205 lbs,SO,"St. Louis, MO"
Big 10,USC,TE1,Mark Bowman,"6' 5""",225 lbs,FR,"Santa Ana, CA"
Big 10,USC,TE2,Tucker Ashcraft,"6' 5""",260 lbs,SR,"Seattle, WA"
Big 10,USC,K,Ryon Sayeri,"5' 11""",180 lbs,SO,"West Hills, CA"
Big 10,WASHINGTON,QB1,Demond Williams Jr.,"5' 11""",190 lbs,JR,"Chandler, AZ"
Big 10,WASHINGTON,QB2,Elijah Brown,"6' 2""",205 lbs,SO,"Huntington Beach, CA"
Big 10,WASHINGTON,RB1,Jayden Limar,"5' 11""",205 lbs,SR,"Lake Stevens, WA"
Big 10,WASHINGTON,RB2,Jordan Washington,"5' 11""",185 lbs,SO,"Long Beach, CA"
Big 10,WASHINGTON,RB3,Brian Bonner Jr.,"6' 0""",185 lbs,FR,"Valencia, CA"
Big 10,WASHINGTON,WR1,Christian Moss,"6' 3""",199 lbs,SR,"Kennesaw, GA"
Big 10,WASHINGTON,WR2,Rashid Williams,"6' 1""",190 lbs,JR,"Brentwood, CA"
Big 10,WASHINGTON,WR3,Dezmen Roebuck,"5' 11""",175 lbs,SO,"Marana, AZ"
Big 10,WASHINGTON,WR4,Chris Lawson,"6' 1""",185 lbs,SO,"San Francisco, CA"
Big 10,WASHINGTON,TE1,Decker DeGraaf,"6' 3""",245 lbs,JR,"San Dimas, CA"
Big 10,WASHINGTON,TE2,Kade Eldridge,"6' 4""",250 lbs,JR,"Lynden, WA"
Big 10,WASHINGTON,K,Tyler Robles,"5' 7""",175 lbs,JR,"Encinitas, CA"
Big 10,WISCONSIN,QB1,Colton Joseph,"6' 2""",200 lbs,JR,"Newport Beach, CA"
Big 10,WISCONSIN,QB2,Deuce Adams,"6' 2""",190 lbs,SO,"Austin, TX"
Big 10,WISCONSIN,RB1,Abu Sama III,"5' 11""",210 lbs,SR,"Des Moines, IA"
Big 10,WISCONSIN,RB2,Darrion Dupree,"5' 10""",212 lbs,JR,"Chicago, IL"
Big 10,WISCONSIN,RB3,Bryan Jackson II,"6' 0""",235 lbs,JR,"McKinney, TX"
Big 10,WISCONSIN,WR1,Eugene Hilton Jr.,"6' 0""",201 lbs,SO,"Zionsville, IN"
Big 10,WISCONSIN,WR2,Chris Brooks Jr.,"6' 2""",222 lbs,SR,"St. Louis, MO"
Big 10,WISCONSIN,WR3,Tyrell Henry,"6' 0""",178 lbs,SR,"Roseville, MI"
Big 10,WISCONSIN,WR4,Jaylon Domingeaux,"6' 2""",210 lbs,SR,"Lafayette, LA"
Big 10,WISCONSIN,TE1,Jacob Harris,"6' 4""",255 lbs,JR,"Westerville, OH"
Big 10,WISCONSIN,TE2,Grant Stec,"6' 6""",255 lbs,SO,"Sleepy Hollow, IL"
Big 10,WISCONSIN,K,Gavin Lahm,"6' 0""",217 lbs,SR,"Kaukauna, WI"
ACC,BOSTON COLLEGE,QB1,Mason McKenzie,"6' 1""",200 lbs,JR,"Caledonia, MI"
ACC,BOSTON COLLEGE,QB2,Grayson Wilson,"6' 3""",210 lbs,FR,"North Little Rock, AR"
ACC,BOSTON COLLEGE,RB1,Evan Dickens,"5' 10""",195 lbs,JR,"Marietta, GA"
ACC,BOSTON COLLEGE,RB2,Nolan Ray,"6' 0""",210 lbs,JR,"Southfield, MI"
ACC,BOSTON COLLEGE,RB3,Bo MacCormack III,"5' 10""",198 lbs,SO,"Westford, MA"
ACC,BOSTON COLLEGE,WR1,Javarius Green,"5' 10""",205 lbs,SO,"Shelby, NC"
ACC,BOSTON COLLEGE,WR2,Reed Swanson,"6' 6""",210 lbs,JR,"Glen Gardner, NJ"
ACC,BOSTON COLLEGE,WR3,Jaedn Skeete,"6' 2""",188 lbs,SR,"Hyde Park, MA"
ACC,BOSTON COLLEGE,WR4,Dawson Pough,"6' 0""",205 lbs,SO,"Leesburg, VA"
ACC,BOSTON COLLEGE,TE1,Kaelan Chudzinski,"6' 3""",236 lbs,SO,"Needham, MA"
ACC,BOSTON COLLEGE,TE2,Cameron Kossmann,"6' 5""",245 lbs,SO,"St. Louis, MO"
ACC,BOSTON COLLEGE,K,Luca Lombardo,"6' 0""",180 lbs,SR,"Westport, CT"
ACC,CALIFORNIA,QB1,Jaron-Keawe Sagapolutele,"6' 3""",225 lbs,SO,"Ewa Beach, HI"
ACC,CALIFORNIA,QB2,Jackson Brousseau,"6' 4""",225 lbs,JR,"Lehi, UT"
ACC,CALIFORNIA,RB1,Adam Mohammed,"6' 0""",220 lbs,JR,"Glendale, AZ"
ACC,CALIFORNIA,RB2,Ashten Emory,"5' 11""",205 lbs,SO,"Dallas, TX"
ACC,CALIFORNIA,RB3,Carter Vegas,"5' 11""",210 lbs,SO,"Santa Maria, CA"
ACC,CALIFORNIA,WR1,Ian Strong,"6' 4""",210 lbs,SR,"Coram, NY"
ACC,CALIFORNIA,WR2,Chase Hendricks,"6' 0""",200 lbs,SR,"St. Louis, MO"
ACC,CALIFORNIA,WR3,Cooper Perry,"6' 1""",195 lbs,SO,"Scottsdale, AZ"
ACC,CALIFORNIA,WR4,Jordan King,"6' 2""",215 lbs,SR,"Beaverton, OR"
ACC,CALIFORNIA,TE1,Dorian Thomas,"6' 4""",250 lbs,JR,"Kent, WA"
ACC,CALIFORNIA,TE2,Mason Mini,"6' 4""",240 lbs,JR,"Pacifica, CA"
ACC,CALIFORNIA,K,Chase Meyer,"5' 10""",185 lbs,SR,"Los Angeles, CA"
ACC,CLEMSON,QB1,Christopher Vizzina,"6' 4""",210 lbs,JR,"Birmingham, AL"
ACC,CLEMSON,QB2,Chris Denson,"6' 2""",190 lbs,SO,"Plant City, FL"
ACC,CLEMSON,RB1,Gideon Davidson,"6' 0""",200 lbs,SO,"Lynchburg, VA"
ACC,CLEMSON,RB2,Chris Johnson Jr.,"6' 0""",190 lbs,SR,"Fort Lauderdale, FL"
ACC,CLEMSON,RB3,David Eziomume,"6' 0""",215 lbs,SO,"Acworth, GA"
ACC,CLEMSON,WR1,Bryant Wesco Jr.,"6' 2""",195 lbs,JR,"Midlothian, TX"
ACC,CLEMSON,WR2,T.J. Moore,"6' 3""",200 lbs,JR,"Key West, FL"
ACC,CLEMSON,WR3,Naeem Burroughs,"5' 11""",185 lbs,FR,"Jacksonville, FL"
ACC,CLEMSON,WR4,Cole Turner,"6' 1""",190 lbs,SR,"Vestavia Hills, AL"
ACC,CLEMSON,TE1,Christian Bentancur,"6' 4""",240 lbs,SO,"Lakemoor, IL"
ACC,CLEMSON,TE2,Olsen Patt-Henry,"6' 3""",245 lbs,SR,"Naples, FL"
ACC,CLEMSON,K,Nolan Hauser,"6' 1""",200 lbs,JR,"Cornelius, NC"
ACC,DUKE,QB1,Walker Eget,"6' 3""",235 lbs,SR,"Santa Clarita, CA"
ACC,DUKE,QB2,Dan Mahan,"6' 2""",190 lbs,SO,"Burlington, NC"
ACC,DUKE,RB1,Nate Sheppard,"5' 10""",195 lbs,SO,"Mandeville, LA"
ACC,DUKE,RB2,CJ Campbell Jr.,"5' 10""",200 lbs,SR,"Kaplan, LA"
ACC,DUKE,RB3,Wilhelm Daal,"6' 1""",220 lbs,SR,"Amityville, NY"
ACC,DUKE,WR1,Jared Richardson,"6' 2""",220 lbs,SR,"Blakeslee, PA"
ACC,DUKE,WR2,Javen Nicholas,"5'9""",190 lbs,SR,"New Orleans, LA"
ACC,DUKE,WR3,Jayden Moore,"5' 8""",185 lbs,SO,"Sykesville, MD"
ACC,DUKE,WR4,Jaivon Solomon,"6' 1""",170 lbs,SO,"Gray, GA"
ACC,DUKE,TE1,Jeremiah Hasley,"6' 3""",245 lbs,SR,"Gibsonia, PA"
ACC,DUKE,TE2,Nate Kurisky,"6'3""",240 lbs,SR,"Leesburg, VA"
ACC,DUKE,K,Cosme Salas,"5'7""",185 lbs,JR,"Palmetto Bay, FL"
ACC,FLORIDA STATE,QB1,Ashton Daniels,"6'2""",233 lbs,SR,"Buford, GA"
ACC,FLORIDA STATE,QB2,Kevin Sperry,"6' 1""",212 lbs,SO,"Denton, TX"
ACC,FLORIDA STATE,RB1,Quintrevion Wisner,"6' 0""",203 lbs,SR,"Mexia, TX"
ACC,FLORIDA STATE,RB2,Ousmane Kromah,"6' 1""",214 lbs,SO,"Leesburg, GA"
ACC,FLORIDA STATE,RB3,Samuel Singleton Jr.,"5' 11""",201 lbs,JR,"Charleston, SC"
ACC,FLORIDA STATE,WR1,Duce Robinson,"6' 6""",230 lbs,SR,"Phoenix, AZ"
ACC,FLORIDA STATE,WR2,Micahi Danzy,"6' 1""",189 lbs,SO,"Tallahassee, FL"
ACC,FLORIDA STATE,WR3,Jayvan Boggs,"6' 1""",204 lbs,SO,"Cocoa, FL"
ACC,FLORIDA STATE,WR4,Tae'Shaun Gelsey,"6' 4""",235 lbs,SO,"Jacksonville, FL"
ACC,FLORIDA STATE,TE1,Desirrio Riles,"6' 3""",235 lbs,SR,"Jacksonville, FL"
ACC,FLORIDA STATE,TE2,Landen Thomas,"6' 4""",239 lbs,JR,"Moultrie, GA"
ACC,FLORIDA STATE,K,Gabe Panikowski,"5' 9""",206 lbs,SR,"San Diego, CA"
ACC,MIAMI,QB1,Darian Mensah,"6'3""",205 lbs,SR,"San Luis Obispo, CA"
ACC,MIAMI,QB2,Luke Nickel,"6'2""",220 lbs,SO,"Alpharetta, GA"
ACC,MIAMI,RB1,Mark Fletcher Jr.,"6'2""",225 lbs,SR,"Fort Lauderdale, FL"
ACC,MIAMI,RB2,CharMar Brown,"5'11""",220 lbs,SR,"Omaha, NE"
ACC,MIAMI,RB3,Girard Pringle Jr.,"5'10""",190 lbs,SO,"Tampa, FL"
ACC,MIAMI,WR1,Malachi Toney,"5'11""",188 lbs,SO,"Liberty City, FL"
ACC,MIAMI,WR2,Cooper Barkate,"6'1""",195 lbs,SR,"Newport Beach, CA"
ACC,MIAMI,WR3,Vandrevius Jacobs,"6'0""",182 lbs,SR,"Fort Pierce, FL"
ACC,MIAMI,WR4,Cam Vaughn,"6'2""",185 lbs,SR,"Villa Rica, GA"
ACC,MIAMI,TE1,Elija Lofton,"6'3""",242 lbs,JR,"Las Vegas, NV"
ACC,MIAMI,TE2,Luka Gilbert,"6'7""",255 lbs,SO,"West Chester, OH"
ACC,MIAMI,K,Jack Olsen,"5'10""",195 lbs,SR,"Wheaton, IL"
ACC,GEORGIA TECH,QB1,Alberto Mendoza,"6'2""",215 lbs,JR,"Miami, FL"
ACC,GEORGIA TECH,QB2,Graham Knowles,"6'7""",230 lbs,SO,"Southlake, TX"
ACC,GEORGIA TECH,RB1,Justice Haynes,"5'11""",210 lbs,SR,"Alpharetta, GA"
ACC,GEORGIA TECH,RB2,Malachi Hosley,"5'10""",200 lbs,SR,"Columbus, GA"
ACC,GEORGIA TECH,RB3,Trelain Maddox,"6'2""",225 lbs,SO,"Stone Mountain, GA"
ACC,GEORGIA TECH,WR1,Isaiah Fuhrmann,"6'4""",210 lbs,JR,"Norfolk, VA"
ACC,GEORGIA TECH,WR2,Jaylen Mbakwe,"6'0""",195 lbs,JR,"Clay, AL"
ACC,GEORGIA TECH,WR3,Jordan Allen,"5'9""",195 lbs,SO,"Lawrenceville, GA"
ACC,GEORGIA TECH,WR4,Jaiven Plummer,"6'3""",210 lbs,SR,"Dallas, TX"
ACC,GEORGIA TECH,TE1,Chris Corbo,"6'5""",250 lbs,SR,"North Caldwell, NJ"
ACC,GEORGIA TECH,TE2,Gavin Harris,"6'3""",245 lbs,SR,"San Antonio, TX"
ACC,GEORGIA TECH,K,Aidan Birr,"6'1""",210 lbs,SR,"Kennedale, TX"
ACC,LOUISVILLE,QB1,Lincoln Kienholz,"6'2""",215 lbs,JR,"Pierre, SD"
ACC,LOUISVILLE,QB2,Davin Wydner,"6'5""",225 lbs,JR,"Clinton, NJ"
ACC,LOUISVILLE,RB1,Isaac Brown,"5'9""",190 lbs,JR,"Miami, FL"
ACC,LOUISVILLE,RB2,Keyjuan Brown,"5'10""",215 lbs,JR,"Anniston, AL"
ACC,LOUISVILLE,RB3,Marquise Davis,"6'0""",215 lbs,FR,"Cleveland, OH"
ACC,LOUISVILLE,WR1,Tre Richardson,"5'10""",175 lbs,SR,"Topeka, KS"
ACC,LOUISVILLE,WR2,Lawayne McCoy,"6'1""",180 lbs,JR,"Miami Gardens, FL"
ACC,LOUISVILLE,WR3,TreyShun Hurry,"6'2""",200 lbs,SR,"Palmdale, CA"
ACC,LOUISVILLE,WR4,Terrence McWilliams Jr.,"6'0""",190 lbs,JR,"Indianapolis, IN"
ACC,LOUISVILLE,TE1,Brody Foley,"6'6""",260 lbs,SR,"Cincinnati, OH"
ACC,LOUISVILLE,TE2,Jaleel Skinner,"6'5""",230 lbs,SR,"Greer, SC"
ACC,LOUISVILLE,K,Nick Keller,"6'1""",200 lbs,SR,"Hebron, KY"
ACC,NORTH CAROLINA,QB1,Billy Edwards Jr.,"6' 3""",228 lbs,SR,"Springfield, VA"
ACC,NORTH CAROLINA,QB2,Miles O'Neill,"6'5""",220 lbs,SO,"Marblehead, MA"
ACC,NORTH CAROLINA,RB1,Demon June,"5' 11""",215 lbs,SO,"Jacksonville, NC"
ACC,NORTH CAROLINA,RB2,Benjamin Hall,"5'11""",235 lbs,JR,"Acworth, GA"
ACC,NORTH CAROLINA,RB3,Kaleb Jackson,"6' 0""",234 lbs,JR,"Baton Rouge, LA"
ACC,NORTH CAROLINA,WR1,Jordan Shipp,"6'2""",190 lbs,JR,"Charlotte, NC"
ACC,NORTH CAROLINA,WR2,Trech Kekahuna,"5' 10""",185 lbs,JR,"Honolulu, HI"
ACC,NORTH CAROLINA,WR3,Nathan Leacock,"6' 3""",217 lbs,JR,"Rolesville, NC"
ACC,NORTH CAROLINA,WR4,Madrid Tucker,"5' 10""",170 lbs,FR,"Lehigh Acres, FL"
ACC,NORTH CAROLINA,TE1,Jelani Thurman,"6'6""",250 lbs,JR,"Fairburn, GA"
ACC,NORTH CAROLINA,TE2,Jordan Washington,"6'4""",264 lbs,SO,"Houston, TX"
ACC,NORTH CAROLINA,K,Aeron Burrell,"6' 2""",190 lbs,JR,"Bossier City, LA"
ACC,NC STATE,QB1,CJ Bailey,"6'6""",213 lbs,JR,"Miami, FL"
ACC,NC STATE,QB2,Will Wilson,"6'1""",230 lbs,SO,"Columbia, SC"
ACC,NC STATE,RB1,"Jayden ""Duke"" Scott","5'10""",225 lbs,JR,"Stockbridge, GA"
ACC,NC STATE,RB2,Davion Gause,"5'11""",212 lbs,JR,"Opa-Locka, FL"
ACC,NC STATE,RB3,Jonathan Paylor,"5'9""",182 lbs,JR,"Burlington, NC"
ACC,NC STATE,WR1,Victor Snow,"5'8""",170 lbs,SR,"Webster, NY"
ACC,NC STATE,WR2,Keenan Jackson,"6'3""",202 lbs,JR,"Waxhaw, NC"
ACC,NC STATE,WR3,Teddy Hoffmann,"6'1""",181 lbs,SO,"Delray Beach, FL"
ACC,NC STATE,WR4,"Joshisa ""Jojo"" Trader","6'1""",190 lbs,JR,"Hollywood, FL"
ACC,NC STATE,TE1,Preston Douglas,"6'3""",228 lbs,SO,"Jupiter, FL"
ACC,NC STATE,TE2,Vander Ploog,"6'6""",230 lbs,SO,"Fullerton, CA"
ACC,NC STATE,K,Kanoah Vinesett,"6'1""",205 lbs,SR,"Rock Hill, SC"
ACC,PITTSBURGH,QB1,Mason Heintschel,"6' 2""",215 lbs,SO,"Oregon, OH"
ACC,PITTSBURGH,QB2,Holden Geriner,"6' 3""",225 lbs,SR,"Savannah, GA"
ACC,PITTSBURGH,RB1,Ja'Kyrian Turner,"5' 9""",180 lbs,SO,"Wildwood, FL"
ACC,PITTSBURGH,RB2,La'Vell Wright,"5' 11""",215 lbs,SR,"Louisville, KY"
ACC,PITTSBURGH,RB3,Damon Ferguson Jr.,"5' 11""",180 lbs,FR,"Gwynn Oak, MD"
ACC,PITTSBURGH,WR1,Malik Knight,"6' 1""",180 lbs,SR,"Fort Lauderdale, FL"
ACC,PITTSBURGH,WR2,Cataurus Hicks,"5' 10""",175 lbs,SR,"Miami, FL"
ACC,PITTSBURGH,WR3,Bryce Yates,"6' 0""",180 lbs,SO,"Ettrick, VA"
ACC,PITTSBURGH,WR4,Tony Kinsler,"5' 11""",170 lbs,SO,"Daytona Beach, FL"
ACC,PITTSBURGH,TE1,Carson Kent,"6' 4""",245 lbs,SR,"Milton, GA"
ACC,PITTSBURGH,TE2,Elijah Lagg,"6' 2""",245 lbs,SR,"Mountain Home, AR"
ACC,PITTSBURGH,K,Sam Hunsaker,"5' 9""",150 lbs,JR,"Gilbert, AZ"
ACC,SMU,QB1,Kevin Jennings,"6'0""",192 lbs,SR,"Oak Cliff, TX"
ACC,SMU,QB2,Ty Hawkins,"6'0""",203 lbs,SO,"San Antonio, TX"
ACC,SMU,RB1,Kendrick Raphael,"5'11""",200 lbs,SR,"Naples, FL"
ACC,SMU,RB2,Derrick McFall,"5'11""",187 lbs,JR,"Tyler, TX"
ACC,SMU,RB3,Dramekco Green,"6'0""",203 lbs,SO,"Conroe, TX"
ACC,SMU,WR1,Yamir Knight,"5'8""",186 lbs,SR,"Smyrna, DE"
ACC,SMU,WR2,Yannick Smith,"6'3""",207 lbs,JR,"Summerville, SC"
ACC,SMU,WR3,Jalen Cooper,"6'2""",180 lbs,SO,"Cibolo, TX"
ACC,SMU,WR4,Carterrious Brown,"6'2""",190 lbs,SO,"Monroe, LA"
ACC,SMU,TE1,Theo Melin Ohrstrom,"6'6""",257 lbs,SR,"Stockholm, Sweden"
ACC,SMU,TE2,Randy Pittman Jr.,"6'2""",240 lbs,SR,"Panama City, FL"
ACC,SMU,K,Nick Reed,"5'7""",180 lbs,SR,"Harrison, NY"
ACC,STANFORD,QB1,Davis Warren,"6'2""",195 lbs,SR,"Manhattan Beach, CA"
ACC,STANFORD,QB2,Dylan Rizk,"6'2""",225 lbs,JR,"Delray Beach, FL"
ACC,STANFORD,RB1,Micah Ford,"6'0""",220 lbs,JR,"Toms River, NJ"
ACC,STANFORD,RB2,Sedrick Irvin,"5'10""",205 lbs,SR,"Miami, FL"
ACC,STANFORD,RB3,Tuna Altahir,"6'0""",230 lbs,SR,"Kennewick, WA"
ACC,STANFORD,WR1,Carter Shaw,"6'3""",195 lbs,JR,"Atherton, CA"
ACC,STANFORD,WR2,JonAnthony Hall,"6'1""",190 lbs,SO,"Fishers, IN"
ACC,STANFORD,WR3,Nico Brown,"6'0""",185 lbs,JR,"Huntington Beach, CA"
ACC,STANFORD,WR4,Caden High,"5'10""",165 lbs,SR,"Atlanta, GA"
ACC,STANFORD,TE1,Benji Blackburn,"6'6""",260 lbs,JR,"Miami, FL"
ACC,STANFORD,TE2,Chico Holt,"6'5""",255 lbs,JR,"Houston, TX"
ACC,STANFORD,K,Emmet Kenney,"6'3""",220 lbs,SR,"Fargo, ND"
ACC,SYRACUSE,QB1,Steve Angeli,"6'3""",212 lbs,SR,"Westfield, NJ"
ACC,SYRACUSE,QB2,Amari Odom,"6'4""",205 lbs,JR,"Inglewood, CA"
ACC,SYRACUSE,RB1,Ahmad Miller,"6'0""",207 lbs,JR,"Memphis, TN"
ACC,SYRACUSE,RB2,Ju'Juan Johnson,"6'0""",210 lbs,JR,"Lafayette, LA"
ACC,SYRACUSE,RB3,Tylik Hill,"5'9""",205 lbs,SO,"Asbury Park, NJ"
ACC,SYRACUSE,WR1,Cole Weaver,"6' 3""",220 lbs,R-JR,"Roswell, GA"
ACC,SYRACUSE,WR2,Zamondre Merriweather,"6'3""",210 lbs,JR,"Valencia, CA"
ACC,SYRACUSE,WR3,Darien Williams,"6'0""",185 lbs,SO,"Syracuse, NY"
ACC,SYRACUSE,WR4,Bryan Wilder,"5'11""",181 lbs,SO,"Clovis, NM"
ACC,SYRACUSE,TE1,David Clement,"6'6""",260 lbs,SR,"Albany, NY"
ACC,SYRACUSE,TE2,Noah Meyers,"6' 5""",240 lbs,JR,"Louisville, KY"
ACC,SYRACUSE,K,Tripp Woody,"5'9""",190 lbs,SO,"Waxhaw, NC"
ACC,VIRGINIA,QB1,Beau Pribula,"6' 2""",209 lbs,SR,"York, PA"
ACC,VIRGINIA,QB2,Eli Holstein,"6' 4""",234 lbs,SR,"Zachary, LA"
ACC,VIRGINIA,RB1,Peyton Lewis,"6' 1""",212 lbs,JR,"Salem, VA"
ACC,VIRGINIA,RB2,Jekail Middlebrook,"5' 10""",198 lbs,SR,"Atlanta, GA"
ACC,VIRGINIA,RB3,Solomon Beebe,"5' 10""",199 lbs,JR,"Montgomery, AL"
ACC,VIRGINIA,WR1,Jacquon Gibson,"5' 11""",196 lbs,SR,"Fayetteville, NC"
ACC,VIRGINIA,WR2,Rico Flores Jr.,"6' 2""",211 lbs,SR,"North Highlands, CA"
ACC,VIRGINIA,WR3,Kameron Courtney,"5' 11""",195 lbs,JR,"Manassas, VA"
ACC,VIRGINIA,WR4,Dillon Newton-Short,"6' 0""",206 lbs,SO,"Matoaca, VA"
ACC,VIRGINIA,TE1,Dakota Twitty,"6' 5""",247 lbs,SR,"Columbus, NC"
ACC,VIRGINIA,TE2,John Rogers,"6' 4""",239 lbs,SO,"The Plains, VA"
ACC,VIRGINIA,K,Will Bettridge,"5'11""",191 lbs,SR,"Miami, FL"
ACC,VIRGINIA TECH,QB1,Ethan Grunkemeyer,"6' 2""",218 lbs,SO,"Lewis Center, OH"
ACC,VIRGINIA TECH,QB2,Bryce Baker,"6' 2""",212 lbs,FR,"Kernersville, NC"
ACC,VIRGINIA TECH,RB1,Marcellous Hawkins,"5' 10""",223 lbs,SR,"Oklahoma City, OK"
ACC,VIRGINIA TECH,RB2,Bill Davis,"5' 9""",230 lbs,JR,"LaPlace, LA"
ACC,VIRGINIA TECH,RB3,Jeffrey Overton Jr.,"5' 9""",205 lbs,FR,"Woodbridge, VA"
ACC,VIRGINIA TECH,WR1,Que'Sean Brown,"5' 8""",170 lbs,JR,"Winston-Salem, NC"
ACC,VIRGINIA TECH,WR2,Ayden Greene,"6' 1""",194 lbs,SR,"Knoxville, TN"
ACC,VIRGINIA TECH,WR3,Marlion Jackson,"6' 2""",207 lbs,SR,"Flowery Branch, GA"
ACC,VIRGINIA TECH,WR4,"Keylen ""Brodie"" Adams","6' 0""",192 lbs,SO,"Virginia Beach, VA"
ACC,VIRGINIA TECH,TE1,Benji Gosnell,"6' 4""",250 lbs,SR,"Pilot Mountain, NC"
ACC,VIRGINIA TECH,TE2,Luke Reynolds,"6' 4""",250 lbs,JR,"Westford, MA"
ACC,VIRGINIA TECH,K,John Love,"5' 11""",192 lbs,SR,"Spartanburg, SC"
ACC,WAKE FOREST,QB1,Gio Lopez,"6' 0""",203 lbs,JR,"Madison, AL"
ACC,WAKE FOREST,QB2,Steele Pizzella,"5' 11""",180 lbs,FR,"Simi Valley, CA"
ACC,WAKE FOREST,RB1,Ty Clark III,"6' 0""",207 lbs,JR,"Nashville, TN"
ACC,WAKE FOREST,RB2,KD Daniels,"6' 0""",203 lbs,SO,"West Point, MS"
ACC,WAKE FOREST,RB3,Sawyer Seidl,"5' 10""",175 lbs,JR,"Hugo, MN"
ACC,WAKE FOREST,WR1,Carlos Hernandez,"6' 0""",192 lbs,SR,"Alhambra, CA"
ACC,WAKE FOREST,WR2,Antonio Meeks,"6'1""",195 lbs,SR,"Las Vegas, NV"
ACC,WAKE FOREST,WR3,Kam Shanks,"5' 8""",169 lbs,JR,"Prattville, AL"
ACC,WAKE FOREST,WR4,Ny Carr,"6' 0""",185 lbs,SO,"Moultrie, GA"
ACC,WAKE FOREST,TE1,Kamrean Johnson,"6' 5""",230 lbs,SR,"Theodore, AL"
ACC,WAKE FOREST,TE2,Landon Morris,"6' 5""",240 lbs,SR,"Indianapolis, IN"
ACC,WAKE FOREST,K,Connor Calvert,"6' 3""",203 lbs,SO,"Bend, OR"
SEC,ALABAMA,QB1,Keelon Russell,"6' 3""",194 lbs,SO,"Duncanville, TX"
SEC,ALABAMA,QB2,Austin Mack,"6' 6""",232 lbs,SR,"Loomis, CA"
SEC,ALABAMA,RB1,Daniel Hill,"6' 1""",244 lbs,JR,"Meridian, MS"
SEC,ALABAMA,RB2,Kevin Riley,"5' 11""",191 lbs,SO,"Northport, AL"
SEC,ALABAMA,RB3,AK Dear,"6' 1""",212 lbs,SO,"Quitman, MS"
SEC,ALABAMA,WRX,Noah Rogers,"6' 2""",205 lbs,JR,"Raleigh, NC"
SEC,ALABAMA,WRZ,Ryan Coleman-Williams,"6' 0""",178 lbs,JR,"Mobile, AL"
SEC,ALABAMA,WRF,Lotzeir Brooks,"5' 9""",191 lbs,SO,"Millville, NJ"
SEC,ALABAMA,WR4,Cederian Morgan,"6' 4""",210 lbs,FR,"Alexander City, AL"
SEC,ALABAMA,TE1,Kaleb Edwards,"6' 6""",264 lbs,SO,"El Dorado Hills, CA"
SEC,ALABAMA,TE2,Jay Lindsey,"6' 5""",255 lbs,SO,"Butler, AL"
SEC,ALABAMA,K,Conor Talty,"6' 1""",195 lbs,JR,"Chicago, IL"
SEC,ARKANSAS,QB1,KJ Jackson,"6' 4""",220 lbs,SO,"Montgomery, AL"
SEC,ARKANSAS,QB2,AJ Hill,"6' 4""",215 lbs,SO,"Warner Robins, GA"
SEC,ARKANSAS,RB1,Braylen Russell,"6' 1""",238 lbs,JR,"Benton, AR"
SEC,ARKANSAS,RB2,Jasper Parker,"6' 0""",205 lbs,SO,"Gretna, LA"
SEC,ARKANSAS,RB3,Sutton Smith,"5' 9""",185 lbs,SR,"Powder Springs, GA"
SEC,ARKANSAS,WRX,Donovan Faupel,"6' 1""",195 lbs,SR,"Riverside, CA"
SEC,ARKANSAS,WRZ,Chris Marshall,"6' 3""",211 lbs,SR,"Missouri City, TX"
SEC,ARKANSAS,WRF,Jamari Hawkins,"5' 9""",185 lbs,SR,"Mobile, AL"
SEC,ARKANSAS,WR4,Jalen Brown,"6' 1""",174 lbs,JR,"Miami, FL"
SEC,ARKANSAS,TE1,Jaden Platt,"6' 5""",260 lbs,JR,"Haslet, TX"
SEC,ARKANSAS,TE2,Ty Lockwood,"6' 4""",245 lbs,JR,"Thompsons Station, TN"
SEC,ARKANSAS,K,Max Gilbert,"6' 0""",200 lbs,JR,"Memphis, TN"
SEC,AUBURN,QB1,Byrum Brown,"6' 3""",231 lbs,SR,"Raleigh, NC"
SEC,AUBURN,QB2,Tristan Ti'a,"6' 2""",205 lbs,SO,"Livermore, CA"
SEC,AUBURN,RB1,Jeremiah Cobb,"5' 11""",200 lbs,SR,"Montgomery, AL"
SEC,AUBURN,RB2,Bryson Washington,"6' 0""",216 lbs,JR,"Franklin, TX"
SEC,AUBURN,RB3,Nykahi Davenport,"6' 0""",216 lbs,JR,"Roswell, GA"
SEC,AUBURN,WRX,Jeremiah Koger,"6' 3""",213 lbs,SO,"Baltimore, MD"
SEC,AUBURN,WRZ,Keshaun Singleton,"6' 3""",215 lbs,SR,"Norcross, GA"
SEC,AUBURN,WRF,Chas Nimrod,"6' 2""",198 lbs,SR,"Bentonville, AR"
SEC,AUBURN,WR4,Brian Williams Jr.,"6' 4""",190 lbs,FR,"Lake Mary, FL"
SEC,AUBURN,TE1,Jonathan Echols,"6' 6""",235 lbs,SO,"Franklin, GA"
SEC,AUBURN,TE2,Jake Johnson,"6' 6""",245 lbs,SR,"Athens, GA"
SEC,AUBURN,K,Alex McPherson,"5' 9""",165 lbs,SR,"Fort Payne, AL"
SEC,FLORIDA,QB1,Aaron Philo,"6' 1""",208 lbs,JR,"Bogart, GA"
SEC,FLORIDA,QB2,Tramell Jones Jr.,"6' 0""",199 lbs,SO,"Jacksonville, FL"
SEC,FLORIDA,RB1,Jadan Baugh,"6' 1""",228 lbs,SR,"Atlanta, GA"
SEC,FLORIDA,RB2,Evan Pryor,"5' 10""",190 lbs,SR,"Cornelius, NC"
SEC,FLORIDA,RB3,London Montgomery,"5' 10""",194 lbs,SR,"Scranton, PA"
SEC,FLORIDA,WRX,Dallas Wilson,"6' 3""",218 lbs,SO,"Tampa, FL"
SEC,FLORIDA,WRZ,Eric Singleton Jr.,"5' 10""",182 lbs,SR,"Atlanta, GA"
SEC,FLORIDA,WRF,Vernell Brown III,"5' 11""",177 lbs,JR,"Gainesville, FL"
SEC,FLORIDA,WR4,TJ Abrams,"5' 10""",194 lbs,JR,"Fort Myers, FL"
SEC,FLORIDA,TE1,Luke Harpring,"6' 3""",236 lbs,JR,"Atlanta, GA"
SEC,FLORIDA,TE2,Amir Jackson,"6' 5""",231 lbs,JR,"Statesboro, GA"
SEC,FLORIDA,K,Patrick Durkin,"5' 11""",194 lbs,JR,"Plainfield, IL"
SEC,GEORGIA,QB1,Gunner Stockton,"6' 1""",215 lbs,SR,"Tiger, GA"
SEC,GEORGIA,QB2,Ryan Puglisi,"6' 3""",210 lbs,SO,"Paxton, MA"
SEC,GEORGIA,RB1,Nate Frazier,"5' 10""",210 lbs,JR,"Compton, CA"
SEC,GEORGIA,RB2,Chauncey Bowens,"5' 11""",225 lbs,SO,"Port Saint Lucie, FL"
SEC,GEORGIA,RB3,Dante Dowdell,"6' 2""",227 lbs,SR,"Picayune, MS"
SEC,GEORGIA,WRX,Isiah Canion,"6' 4""",215 lbs,JR,"Warner Robins, GA"
SEC,GEORGIA,WRZ,London Humphreys,"6' 2""",200 lbs,SR,"Nashville, TN"
SEC,GEORGIA,WRF,Sacovie White-Helton,"5' 9""",180 lbs,SO,"Cartersville, GA"
SEC,GEORGIA,WR4,CJ Wiley,"6' 4""",210 lbs,SO,"Baton Rouge, LA"
SEC,GEORGIA,TE1,Lawson Luckie,"6' 4""",240 lbs,SR,"Norcross, GA"
SEC,GEORGIA,TE2,Jaden Reddell,"6' 4""",240 lbs,SO,"Raymore, MO"
SEC,GEORGIA,K,Peyton Woodring,"5' 10""",190 lbs,SR,"Lafayette, LA"
SEC,KENTUCKY,QB1,Kenny Minchey,"6' 2""",211 lbs,SR,"Hendersonville, TN"
SEC,KENTUCKY,QB2,Matt Ponatoski,"6' 1""",205 lbs,FR,"Cincinnati, OH"
SEC,KENTUCKY,RB1,CJ Baxter,"6' 1""",230 lbs,SR,"Boynton Beach, FL"
SEC,KENTUCKY,RB2,Jovantae Barnes,"6' 0""",214 lbs,SR,"Las Vegas, NV"
SEC,KENTUCKY,RB3,Jason Patterson,"5' 10""",204 lbs,JR,"Sneads, FL"
SEC,KENTUCKY,WRX,DJ Miller,"6' 3""",208 lbs,JR,"St. Louis, MO"
SEC,KENTUCKY,WRZ,Nic Anderson,"6' 4""",205 lbs,SR,"Katy, TX"
SEC,KENTUCKY,WRF,Shane Carr,"6' 2""",185 lbs,SR,"Bakersfield, CA"
SEC,KENTUCKY,WR4,Hardley Gilmore IV,"6' 1""",183 lbs,SR,"Belle Glade, FL"
SEC,KENTUCKY,TE1,Willie Rodriguez,"6' 4""",249 lbs,SR,"Taylor Mill, KY"
SEC,KENTUCKY,TE2,Henry Boyer,"6' 6""",270 lbs,SR,"Chicago, IL"
SEC,KENTUCKY,K,Jacob Kauwe,"6' 1""",216 lbs,JR,"Billings, MT"
SEC,LSU,QB1,Sam Leavitt,"6' 2""",216 lbs,SR,"West Linn, OR"
SEC,LSU,QB2,Landen Clark,"6' 0""",195 lbs,JR,"Radford, VA"
SEC,LSU,RB1,Harlem Berry,"5' 10""",187 lbs,SO,"New Orleans, LA"
SEC,LSU,RB2,Caden Durham,"5' 9""",200 lbs,JR,"Oklahoma City, OK"
SEC,LSU,RB3,Dilin Jones,"5' 11""",211 lbs,JR,"Laurel, MD"
SEC,LSU,WRX,Jayce Brown,"5' 11""",175 lbs,SR,"Fort Walton Beach, FL"
SEC,LSU,WRZ,Jackson Harris,"6' 2""",202 lbs,SR,"Tampa, FL"
SEC,LSU,WRF,Winston Watkins Jr.,"5' 10""",182 lbs,SO,"Fort Myers, FL"
SEC,LSU,WR4,Malik Elzy,"6' 2""",214 lbs,SR,"Chicago, IL"
SEC,LSU,TE1,Trey'Dez Green,"6' 7""",237 lbs,JR,"Jackson, LA"
SEC,LSU,TE2,Malachi Thomas,"6' 3""",242 lbs,JR,"Thomasville, GA"
SEC,LSU,K,Scott Starzyk,"5' 9""",175 lbs,SO,"The Woodlands, TX"
SEC,OLE MISS,QB1,Trinidad Chambliss,"6' 0""",205 lbs,SR,"Grand Rapids, MI"
SEC,OLE MISS,QB2,Deuce Knight,"6' 5""",225 lbs,FR,"Lucedale, MS"
SEC,OLE MISS,RB1,Kewan Lacy,"5' 11""",205 lbs,JR,"Dallas, TX"
SEC,OLE MISS,RB2,Makhi Frazier,"5' 10""",225 lbs,JR,"McKinney, TX"
SEC,OLE MISS,RB3,Joshua Dye,"5' 10""",200 lbs,JR,"Gilbert, AZ"
SEC,OLE MISS,WRX,Deuce Alexander,"6' 0""",180 lbs,JR,"Douglasville, GA"
SEC,OLE MISS,WRZ,Darrell Gill Jr.,"6' 1""",185 lbs,SR,"Atascocita, TX"
SEC,OLE MISS,WRF,Johntay Cook II,"5' 11""",190 lbs,SR,"DeSoto, TX"
SEC,OLE MISS,WR4,Cameron Miller,"5' 10""",180 lbs,SO,"Camden, NJ"
SEC,OLE MISS,TE1,Luke Hasz,"6' 2""",240 lbs,SR,"Bixby, OK"
SEC,OLE MISS,TE2,Brady Prieskorn,"6' 5""",245 lbs,SO,"Lake Orion, MI"
SEC,OLE MISS,K,Lucas Carneiro,"5' 11""",195 lbs,SR,"Cornelius, NC"
SEC,MISSISSIPPI STATE,QB1,KaMario Taylor,"6' 4""",230 lbs,SO,"Macon, MS"
SEC,MISSISSIPPI STATE,QB2,AJ Swann,"6' 2""",220 lbs,SR,"Canton, GA"
SEC,MISSISSIPPI STATE,RB1,Fluff Bothwell,"5' 10""",230 lbs,JR,"Oneonta, AL"
SEC,MISSISSIPPI STATE,RB2,Xavier Gayten,"6' 0""",205 lbs,JR,"Brookhaven, MS"
SEC,MISSISSIPPI STATE,RB3,Kolin Wilson,"5' 9""",190 lbs,SO,"Gulf Shores, AL"
SEC,MISSISSIPPI STATE,WRX,Marquis Johnson,"5' 11""",190 lbs,SR,"Dickinson, TX"
SEC,MISSISSIPPI STATE,WRZ,Ayden Williams,"6' 3""",205 lbs,SR,"Ridgeland, MS"
SEC,MISSISSIPPI STATE,WRF,Anthony Evans III,"5' 11""",180 lbs,SR,"Converse, TX"
SEC,MISSISSIPPI STATE,WR4,Zion Ragins,"5' 8""",170 lbs,JR,"Macon, GA"
SEC,MISSISSIPPI STATE,TE1,Sam West,"6' 4""",250 lbs,JR,"Greensburg, IN"
SEC,MISSISSIPPI STATE,TE2,Riley Williams,"6' 5""",250 lbs,SR,"Portland, OR"
SEC,MISSISSIPPI STATE,K,Kyle Ferrie,"6' 1""",205 lbs,SR,"Searcy, AR"
SEC,MISSOURI,QB1,Austin Simmons,"6' 4""",215 lbs,JR,"Miami, FL"
SEC,MISSOURI,QB2,Nick Evers,"6' 3""",195 lbs,SR,"Flower Mound, TX"
SEC,MISSOURI,RB1,Ahmad Hardy,"5' 10""",210 lbs,JR,"Oma, MS"
SEC,MISSOURI,RB2,Jamal Roberts,"6' 0""",212 lbs,JR,"St. Louis, MO"
SEC,MISSOURI,RB3,Xai'Shaun Edwards,"5' 9""",175 lbs,SO,"League City, TX"
SEC,MISSOURI,WRX,Donovan Olugbode,"6' 2""",207 lbs,SO,"Chicago, IL"
SEC,MISSOURI,WRZ,Caleb Goodie,"6' 1""",178 lbs,SR,"Breaux Bridge, LA"
SEC,MISSOURI,WRF,Cayden Lee,"5' 11""",180 lbs,SR,"Kennesaw, GA"
SEC,MISSOURI,WR4,Kenric Lanier II,"6' 1""",200 lbs,JR,"Decatur, GA"
SEC,MISSOURI,TE1,Brett Norfleet,"6' 6""",260 lbs,SR,"O'Fallon, MO"
SEC,MISSOURI,TE2,Jordon Harris,"6' 4""",268 lbs,SR,"Pine Bluff, AR"
SEC,MISSOURI,K,Blake Craig,"5' 11""",205 lbs,JR,"Kansas City, MO"
SEC,OKLAHOMA,QB1,John Mateer,"6' 1""",218 lbs,SR,"Little Elm, TX"
SEC,OKLAHOMA,QB2,Whitt Newbauer,"6' 6""",239 lbs,SO,"Raleigh, NC"
SEC,OKLAHOMA,RB1,Xavier Robinson,"6' 0""",238 lbs,JR,"Yukon, OK"
SEC,OKLAHOMA,RB2,Tory Blaylock,"5' 11""",206 lbs,SO,"Humble, TX"
SEC,OKLAHOMA,RB3,Lloyd Avant,"5' 10""",212 lbs,JR,"Humble, TX"
SEC,OKLAHOMA,WRX,Trell Harris,"6' 0""",200 lbs,SR,"La Grange, IL"
SEC,OKLAHOMA,WRZ,Parker Livingstone,"6' 3""",202 lbs,SO,"Lucas, TX"
SEC,OKLAHOMA,WRF,Isaiah Sategna III,"5' 10""",185 lbs,SR,"Austin, TX"
SEC,OKLAHOMA,WR4,Jer'Michael Carter,"6' 2""",207 lbs,SR,"Kentwood, LA"
SEC,OKLAHOMA,TE1,Hayden Hansen,"6' 8""",268 lbs,SR,"Weatherford, TX"
SEC,OKLAHOMA,TE2,Rocky Beers,"6' 5""",235 lbs,SR,"Littleton, CO"
SEC,SOUTH CAROLINA,QB1,LaNorris Sellers,"6' 3""",240 lbs,JR,"Florence, SC"
SEC,SOUTH CAROLINA,QB2,Cutter Woods,"6' 3""",215 lbs,FR,"Anderson, SC"
SEC,SOUTH CAROLINA,RB1,Matt Fuller,"5' 11""",218 lbs,SO,"Jesup, GA"
SEC,SOUTH CAROLINA,RB2,Jawarn Howell,"6' 1""",225 lbs,JR,"Mooresville, NC"
SEC,SOUTH CAROLINA,RB3,Christian Clark,"5' 11""",210 lbs,SO,"Phoenix, AZ"
SEC,SOUTH CAROLINA,WRX,Nitro Tuggle,"6' 1""",195 lbs,JR,"Elkhart, IN"
SEC,SOUTH CAROLINA,WRZ,Nyck Harbor,"6' 5""",242 lbs,SR,"Washington, DC"
SEC,SOUTH CAROLINA,WRF,Jayden Sellers,"5' 11""",185 lbs,SO,"Florence, SC"
SEC,SOUTH CAROLINA,WR4,Jayden Gibson,"6' 5""",200 lbs,SR,"Apopka, FL"
SEC,SOUTH CAROLINA,TE1,Brady Hunt,"6' 5""",251 lbs,SR,"Muncie, IN"
SEC,SOUTH CAROLINA,TE2,Max Drag,"6' 4""",248 lbs,JR,"Chapin, SC"
SEC,SOUTH CAROLINA,K,Upton Bellenfant,"6' 0""",185 lbs,SR,"Murfreesboro, TN"
SEC,TENNESSEE,QB1,George MacIntyre,"6' 6""",201 lbs,SO,"Franklin, TN"
SEC,TENNESSEE,QB2,Faizon Brandon,"6' 4""",225 lbs,FR,"Greensboro, NC"
SEC,TENNESSEE,RB1,DeSean Bishop,"5' 10""",210 lbs,SR,"Knoxville, TN"
SEC,TENNESSEE,RB2,Daune Morris,"5' 10""",198 lbs,SO,"Chattanooga, TN"
SEC,TENNESSEE,RB3,Javin Gordon,"5' 10""",210 lbs,SO,"Toccoa, GA"
SEC,TENNESSEE,WRX,Mike Matthews,"6' 1""",200 lbs,JR,"Lilburn, GA"
SEC,TENNESSEE,WRZ,Radarious Jackson,"6' 2""",210 lbs,SO,"Memphis, TN"
SEC,TENNESSEE,WRF,Braylon Staley,"6' 0""",190 lbs,JR,"Aiken, SC"
SEC,TENNESSEE,WR4,TK Keys,"6' 2""",198 lbs,FR,"Hattiesburg, MS"
SEC,TENNESSEE,TE1,Ethan Davis,"6' 5""",247 lbs,SR,"Atlanta, GA"
SEC,TENNESSEE,TE2,DaSaahn Brame,"6' 4""",235 lbs,SO,"Derby, KS"
SEC,TENNESSEE,K,Cooper Ranvier,"6' 2""",200 lbs,JR,"Lexington, KY"
SEC,TEXAS,QB1,Arch Manning,"6'4""",226 lbs,JR,"New Orleans, LA"
SEC,TEXAS,QB2,Karle Lacey Jr.,"6'0""",186 lbs,SO,"Saraland, AL"
SEC,TEXAS,RB1,Hollywood Smothers,"5'11""",195 lbs,JR,"Charlotte, NC"
SEC,TEXAS,RB2,Raleek Brown,"5'9""",191 lbs,SR,"Stockton, CA"
SEC,TEXAS,RB3,James Simon,"5'11""",203 lbs,SO,"Shreveport, LA"
SEC,TEXAS,WRX,Cam Coleman,"6'3""",200 lbs,JR,"Phenix City, AL"
SEC,TEXAS,WRZ,Ryan Wingo,"6'2""",211 lbs,JR,"St. Louis, MO"
SEC,TEXAS,WRF,Emmett Mosley V,"6'2""",190 lbs,JR,"Chicago, IL"
SEC,TEXAS,WR4,Sterling Berkhalter,"6'3""",192 lbs,SR,"Cincinnati, OH"
SEC,TEXAS,TE1,Nick Townsend,"6'3""",246 lbs,SO,"Houston, TX"
SEC,TEXAS,TE2,Michael Masunas,"6'5""",257 lbs,SR,"Tucson, AZ"
SEC,TEXAS,K,Gianni Spetic,"6'3""",223 lbs,SR,"Chardon, OH"
SEC,TEXAS A&M,QB1,Marcel Reed,"6'1""",185 lbs,SR,"Nashville, TN"
SEC,TEXAS A&M,QB2,Brady Hart,"6'4""",195 lbs,SO,"Cocoa, FL"
SEC,TEXAS A&M,RB1,Rueben Owens II,"5'11""",215 lbs,SR,"El Campo, TX"
SEC,TEXAS A&M,RB2,Jamarion Morrow,"5'9""",205 lbs,SO,"Memphis, TN"
SEC,TEXAS A&M,RB3,KJ Edwards,"5'10""",187 lbs,FR,"Carthage, TX"
SEC,TEXAS A&M,WRX,Isaiah Horton,"6'4""",208 lbs,SR,"Nashville, TN"
SEC,TEXAS A&M,WRZ,Ashton Bethel-Roman,"6'0""",185 lbs,JR,"Missouri City, TX"
SEC,TEXAS A&M,WRF,Mario Craver,"5'9""",165 lbs,JR,"Birmingham, AL"
SEC,TEXAS A&M,WR4,Aaron Gregory,"6'2""",177 lbs,FR,"Augusta, GA"
SEC,TEXAS A&M,TE1,Houston Thomas,"6'5""",245 lbs,SR,"College Station, TX"
SEC,TEXAS A&M,TE2,Richie Anderson,"6'4""",255 lbs,SR,"Tualatin, OR"
SEC,TEXAS A&M,K,David Olano,"5'11""",180 lbs,SR,"Naperville, IL"
SEC,VANDERBILT,QB1,Jared Curtis,"6'3""",230 lbs,FR,"Nashville, TN"
SEC,VANDERBILT,QB2,Blaze Berlowitz,"6'3""",200 lbs,SR,"Cushing, OK"
SEC,VANDERBILT,RB1,Sedrick Alexander,"5'9""",207 lbs,SR,"Austin, TX"
SEC,VANDERBILT,RB2,Makhilyn Young,"5'10""",210 lbs,SR,"Midland, TX"
SEC,VANDERBILT,RB3,Evan Hampton,"6'0""",215 lbs,FR,"Owensboro, KY"
SEC,VANDERBILT,WRX,Ja'Cory Thomas,"6'3""",215 lbs,JR,"Walker, LA"
SEC,VANDERBILT,WRZ,Junior Sherrill,"5'11""",200 lbs,SR,"Nashville, TN"
SEC,VANDERBILT,WRF,Cole Adams,"5'10""",183 lbs,SR,"Owasso, OK"
SEC,VANDERBILT,WR4,Tristen Brown,"5'10""",185 lbs,JR,"Houston, TX"
SEC,VANDERBILT,TE1,Cole Spence,"6'7""",255 lbs,SR,"Roswell, GA"
SEC,VANDERBILT,TE2,Jayvontay Conner,"6'4""",235 lbs,JR,"Winston-Salem, NC"
SEC,VANDERBILT,K,Brock Taylor,"6'1""",165 lbs,SR,"Knoxville, TN"
Big 12,ARIZONA,QB1,Noah Fifita,"5'10""",190 lbs,SR,"Huntington Beach, CA"
Big 12,ARIZONA,QB2,Sawyer Anderson,"5'11""",181 lbs,FR,"Dallas, TX"
Big 12,ARIZONA,RB1,Kedrick Reescano,"6'0""",217 lbs,SR,"New Caney, TX"
Big 12,ARIZONA,RB2,Quincy Craig,"5'10""",189 lbs,SR,"Garden Grove, CA"
Big 12,ARIZONA,RB3,Antwan Roberts,"6'0""",204 lbs,SR,"Nashville, TN"
Big 12,ARIZONA,WRX,Tre Spivey,"6'4""",213 lbs,JR,"Chandler, AZ"
Big 12,ARIZONA,WRZ,Chris Hunter,"6'1""",195 lbs,SR,"New Orleans, LA"
Big 12,ARIZONA,WRF,Giovanni Richardson,"5'10""",173 lbs,SO,"Rockford, IL"
Big 12,ARIZONA,WR4,DJ Jordan,"6'0""",185 lbs,SO,"Watts, CA"
Big 12,ARIZONA,TE1,Cole Rusk,"6'5""",250 lbs,SR,"Rock Island, IL"
Big 12,ARIZONA,TE2,Tyler Powell,"6'7""",249 lbs,SR,"Phoenix, AZ"
Big 12,ARIZONA,K,Michael Salgado-Medina,"6'3""",213 lbs,JR,"Mission Viejo, CA"
Big 12,ARIZONA STATE,QB1,Cutter Boley,"6'5""",213 lbs,SO,"Hodgenville, KY"
Big 12,ARIZONA STATE,QB2,Mikey Keene,"5'11""",200 lbs,SR,"Chandler, AZ"
Big 12,ARIZONA STATE,RB1,Kyson Brown,"6'1""",205 lbs,JR,"Lancaster, TX"
Big 12,ARIZONA STATE,RB2,Demarius Robinson,"5'9""",180 lbs,FR,"Oklahoma City, OK"
Big 12,ARIZONA STATE,RB3,Jason Brown Jr.,"5'9""",185 lbs,SO,"Seattle, WA"
Big 12,ARIZONA STATE,WRX,Reed Harris,"6'5""",217 lbs,JR,"Great Falls, MT"
Big 12,ARIZONA STATE,WRZ,Omarion Miller,"6'2""",210 lbs,SR,"Vivian, LA"
Big 12,ARIZONA STATE,WRF,Raiden Vines-Bright,"6'1""",200 lbs,SO,"Tempe, AZ"
Big 12,ARIZONA STATE,WR4,Jalen Moss,"6'1""",185 lbs,SR,"Menlo Park, CA"
Big 12,ARIZONA STATE,TE1,Khamari Anderson,"6'5""",255 lbs,SR,"Detroit, MI"
Big 12,ARIZONA STATE,TE2,AJ Ia,"6'6""",260 lbs,SO,"Santa Ana, CA"
Big 12,ARIZONA STATE,K,Carson Smith,"5'11""",176 lbs,SR,"Belmont, NC"
Big 12,BAYLOR,QB1,DJ Lagway,"6' 3""",239 lbs,JR,"Willis, TX"
Big 12,BAYLOR,QB2,Nate Bennett,"6' 1""",189 lbs,SO,"Westlake Village, CA"
Big 12,BAYLOR,RB1,Dawson Pendergrass,"6' 2""",225 lbs,JR,"Alba, TX"
Big 12,BAYLOR,RB2,Caden Knighten,"5' 11""",209 lbs,SO,"Wynnewood, OK"
Big 12,BAYLOR,RB3,Michael Turner,"6' 0""",218 lbs,SO,"North Richland Hills, TX"
Big 12,BAYLOR,WRX,Louis Brown IV,"6' 2""",203 lbs,SR,"South Los Angeles, CA"
Big 12,BAYLOR,WRZ,Dre'lon Miller,"6' 1""",211 lbs,JR,"Silsbee, TX"
Big 12,BAYLOR,WRF,Gavin Freeman,"5' 9""",189 lbs,SR,"Oklahoma City, OK"
Big 12,BAYLOR,WR4,Jadon Porter,"6' 1""",190 lbs,JR,"Lorena, TX"
Big 12,BAYLOR,TE1,Tony Livingston,"6' 6""",258 lbs,SR,"Tampa, FL"
Big 12,BAYLOR,TE2,Matthew Klopfenstein,"6' 4""",247 lbs,SR,"Scottsdale, AZ"
Big 12,BAYLOR,K,Rhett Armstrong,"6' 5""",209 lbs,SO,"Monument, CO"
Big 12,BYU,QB1,Bear Bachmeier,"6' 2""",230 lbs,SO,"Murrieta, CA"
Big 12,BYU,QB2,Treyson Bourguet,"6' 2""",205 lbs,SR,"Tucson, AZ"
Big 12,BYU,RB1,LJ Martin,"6' 2""",225 lbs,SR,"El Paso, TX"
Big 12,BYU,RB2,Sione Moa,"5' 10""",220 lbs,SO,"Victorville, CA"
Big 12,BYU,RB3,Jovesa Damuni,"6' 0""",195 lbs,SO,"Providence, UT"
Big 12,BYU,WRX,Kyler Kasper,"6' 6""",212 lbs,JR,"Chandler, AZ"
Big 12,BYU,WRZ,Jojo Phillips,"6' 5""",205 lbs,JR,"Lancaster, CA"
Big 12,BYU,WRF,Cody Hagen,"6' 1""",185 lbs,JR,"Draper, UT"
Big 12,BYU,WR4,Tiger Bachmeier,"6' 1""",190 lbs,SR,"Murrieta, CA"
Big 12,BYU,TE1,Walker Lyons,"6' 4""",245 lbs,JR,"Folsom, CA"
Big 12,BYU,TE2,Roger Saleapaga II,"6' 4""",235 lbs,JR,"Orem, UT"
Big 12,BYU,K,Matthias Dunn,"6' 0""",200 lbs,SR,"Heber City, UT"
Big 12,UCF,QB1,Alonza Barnett III,"5'11""",210 lbs,SR,"Whitsett, NC"
Big 12,UCF,QB2,Keyone Jenkins,"6'0""",200 lbs,SR,"Opa-Locka, FL"
Big 12,UCF,RB1,Landen Chambers,"5'11""",215 lbs,JR,"Fort Worth, TX"
Big 12,UCF,RB2,Duke Watson,"5'11""",185 lbs,JR,"Forsyth, GA"
Big 12,UCF,RB3,Taevion Swint,"5'10""",185 lbs,SO,"Kissimmee, FL"
Big 12,UCF,WRX,Jonathan Bibbs,"6' 2""",175 lbs,SO,"Birmingham, AL"
Big 12,UCF,WRZ,Waden Charles,"6'2""",195 lbs,SO,"Boynton Beach, FL"
Big 12,UCF,WRF,Duane Thomas Jr.,"5'8""",175 lbs,SR,"Miami Gardens, FL"
Big 12,UCF,WR4,Josh Derry,"5'9""",182 lbs,SR,"Baltimore, MD"
Big 12,UCF,TE1,Dylan Wade,"6'2""",240 lbs,SR,"Orlando, FL"
Big 12,UCF,TE2,Grayson Brousseau,"6'5""",245 lbs,SO,"Lehi, UT"
Big 12,UCF,K,Will Stone,"6'2""",195 lbs,SR,"Austin, TX"
Big 12,CINCINNATI,QB1,JC French IV,"6' 1""",205 lbs,SR,"Roswell, GA"
Big 12,CINCINNATI,QB2,Liam O'Brien,"6' 0""",205 lbs,SR,"Boulder, CO"
Big 12,CINCINNATI,RB1,Zion Johnson,"5' 8""",185 lbs,FR,"Covington, GA"
Big 12,CINCINNATI,RB2,Zylan Perry,"5' 11""",212 lbs,SR,"Franklin, LA"
Big 12,CINCINNATI,RB3,Gi'Bran Payne,"5' 10""",210 lbs,SR,"Cincinnati, OH"
Big 12,CINCINNATI,WRX,JV Gibson,"6' 2""",208 lbs,SR,"Opelousas, LA"
Big 12,CINCINNATI,WRZ,Malachi Henry,"6' 0""",205 lbs,JR,"Van Buren, AR"
Big 12,CINCINNATI,WRF,Isaiah Johnson,"5' 10""",184 lbs,JR,"Fort Walton Beach, FL"
Big 12,CINCINNATI,WR4,Cade Wolford,"5' 10""",195 lbs,SO,"Jackson, OH"
Big 12,CINCINNATI,TE1,Gavin Grover,"6' 6""",255 lbs,JR,"Lewis Center, OH"
Big 12,CINCINNATI,TE2,Devyn Zahursky,"6'4""",250 lbs,SO,"Berea, OH"
Big 12,CINCINNATI,K,Stephen Rusnak,"6' 0""",195 lbs,SR,"Clarkston, MI"
Big 12,COLORADO,QB1,Julian Lewis,"6'1""",190 lbs,FR,"Carrollton, GA"
Big 12,COLORADO,QB2,Isaac Wilson,"6'0""",210 lbs,SO,"Draper, UT"
Big 12,COLORADO,RB1,Richard Young,"5'11""",210 lbs,JR,"Lehigh Acres, FL"
Big 12,COLORADO,RB2,Micah Welch,"5'9""",215 lbs,JR,"Milledgeville, GA"
Big 12,COLORADO,RB3,DeKalon Taylor,"5'9""",165 lbs,SR,"Longview, TX"
Big 12,COLORADO,WRX,DeAndre Moore Jr.,"6'0""",190 lbs,SR,"Bellflower, CA"
Big 12,COLORADO,WRZ,Joseph Williams,"6'2""",200 lbs,JR,"Arlington, TX"
Big 12,COLORADO,WRF,Danny Scudero,"5'9""",175 lbs,SR,"San Jose, CA"
Big 12,COLORADO,WR4,Ernest Campbell,"5'9""",145 lbs,SO,"Refugio, TX"
Big 12,COLORADO,TE1,Zach Atkins,"6'4""",240 lbs,SR,"Olathe, KS"
Big 12,COLORADO,TE2,Fisher Clements,"6'7""",265 lbs,SR,"Hattiesburg, MS"
Big 12,COLORADO,K,Josh McCormick,"6'0""",220 lbs,SR,"Austin, TX"
Big 12,HOUSTON,QB1,Conner Weigman,"6'3""",210 lbs,SR,"Cypress, TX"
Big 12,HOUSTON,QB2,Keisean Henderson,"6'5""",195 lbs,FR,"Houston, TX"
Big 12,HOUSTON,RB1,Makhi Hughes,"6'0""",210 lbs,SR,"Birmingham, AL"
Big 12,HOUSTON,RB2,Re'Shaun Sanford II,"5'9""",190 lbs,SO,"Harker Heights, TX"
Big 12,HOUSTON,RB3,DJ Butler,"6'0""",190 lbs,JR,"Mobile, AL"
Big 12,HOUSTON,WRX,Koby Young,"6'0""",180 lbs,SO,"New Orleans, LA"
Big 12,HOUSTON,WRZ,Trent Walker,"6'2""",195 lbs,SR,"Portland, OR"
Big 12,HOUSTON,WRF,Amare Thomas,"6'0""",205 lbs,SR,"Birmingham, AL"
Big 12,HOUSTON,WR4,Jonathan Bibbs,"6' 2""",175 lbs,SO,"Birmingham, AL"
Big 12,HOUSTON,TE1,Patrick Overmyer,"6'5""",230 lbs,JR,"Kingwood, TX"
Big 12,HOUSTON,TE2,Traville Frederick Jr.,"6'3""",240 lbs,JR,"Jeanerette, LA"
Big 12,HOUSTON,K,Evan Noel,"6'1""",165 lbs,FR,"Bay St. Louis, MS"
Big 12,IOWA STATE,QB1,Jaylen Raynor,"6'1""",208 lbs,SR,"Winston-Salem, NC"
Big 12,IOWA STATE,QB2,Zane Flores,"6'3""",215 lbs,SO,"Gretna, NE"
Big 12,IOWA STATE,RB1,Cameron Pettaway,"5'10""",190 lbs,SO,"Farmington Hills, MI"
Big 12,IOWA STATE,RB2,Aiden Flora,"6'0""",195 lbs,SO,"Adel, IA"
Big 12,IOWA STATE,RB3,Jayden Jackson,"5'11""",190 lbs,SO,"Franklin, TX"
Big 12,IOWA STATE,WRX,Cody Jackson,"6'0""",190 lbs,SR,"Richmond, TX"
Big 12,IOWA STATE,WRZ,Carter Pabst,"6'1""",200 lbs,SO,"Wichita, KS"
Big 12,IOWA STATE,WRF,Omari Hayes,"5'9""",175 lbs,SR,"Sarasota, FL"
Big 12,IOWA STATE,WR4,Evan Boyd,"6'3""",212 lbs,JR,"East Lansing, MI"
Big 12,IOWA STATE,TE1,Tyler Fortenberry,"6'5""",245 lbs,SR,"Brookhaven, MS"
Big 12,IOWA STATE,TE2,Christian Greenlaw,"6'5""",245 lbs,JR,"Newport News, VA"
Big 12,IOWA STATE,K,Kyle Konrardy,"6'1""",204 lbs,JR,"Dubuque, IA"
Big 12,KANSAS,QB1,Isaiah Marshall,"6'0""",215 lbs,SO,"Southfield, MI"
Big 12,KANSAS,QB2,Cole Ballard,"6'2""",218 lbs,JR,"Westfield, IN"
Big 12,KANSAS,RB1,Dylan Edwards,"5'9""",175 lbs,JR,"Derby, KS"
Big 12,KANSAS,RB2,Yasin Willis,"6'1""",225 lbs,JR,"Newark, NJ"
Big 12,KANSAS,RB3,Jalen Dupree,"6'0""",210 lbs,SO,"Benton, AR"
Big 12,KANSAS,WRX,Nik McMillan,"6'1""",193 lbs,SR,"Buffalo, NY"
Big 12,KANSAS,WRZ,Nahzae Cox,"6'3""",208 lbs,SR,"Fresno, CA"
Big 12,KANSAS,WRF,Cam Pickett,"6'0""",200 lbs,SR,"Chicago, IL"
Big 12,KANSAS,WR4,Jaden Nickens,"6'3""",190 lbs,FR,"Simi Valley, CA"
Big 12,KANSAS,TE1,Carson Bruhn,"6'6""",259 lbs,SO,"Sioux Center, IA"
Big 12,KANSAS,TE2,Leyton Cure,"6'3""",249 lbs,SR,"Goodland, KS"
Big 12,KANSAS,K,Martin Connington,"6'0""",198 lbs,SO,"Meridian, ID"
Big 12,KANSAS STATE,QB1,Avery Johnson,"6'3""",200 lbs,SR,"Wichita, KS"
Big 12,KANSAS STATE,QB2,Jacob Knuth,"6'4""",225 lbs,SR,"Sioux Falls, SD"
Big 12,KANSAS STATE,RB1,Joe Jackson,"6'0""",212 lbs,JR,"Haines City, FL"
Big 12,KANSAS STATE,RB2,Rodney Fields Jr.,"5'9""",193 lbs,SO,"Wright City, OK"
Big 12,KANSAS STATE,RB3,Jay Harris,"6'1""",225 lbs,SR,"St. Louis, MO"
Big 12,KANSAS STATE,WRX,Jaron Tibbs,"6'3""",212 lbs,SR,"Indianapolis, IN"
Big 12,KANSAS STATE,WRZ,Josh Manning,"6'3""",217 lbs,SR,"Lee's Summit, MO"
Big 12,KANSAS STATE,WRF,Izaiah Williams,"6'0""",195 lbs,SO,"Tampa, FL"
Big 12,KANSAS STATE,WR4,Adonis Moise,"5'11""",194 lbs,SO,"Bradenton, FL"
Big 12,KANSAS STATE,TE1,Garrett Oakley,"6'5""",249 lbs,SR,"Columbus, NE"
Big 12,KANSAS STATE,TE2,Linkon Cure,"6'5""",242 lbs,SO,"Goodland, KS"
Big 12,KANSAS STATE,K,Luis Rodriguez,"6'1""",210 lbs,JR,"Sylmar, CA"
Big 12,OKLAHOMA STATE,QB1,Drew Mestemaker,"6'3""",215 lbs,SO,"Austin, TX"
Big 12,OKLAHOMA STATE,QB2,Grant Jordan,"6'2""",217 lbs,SR,"New Orleans, LA"
Big 12,OKLAHOMA STATE,RB1,Caleb Hawkins,"6'0""",219 lbs,SO,"Shawnee, OK"
Big 12,OKLAHOMA STATE,RB2,Ayo Adeyi,"5'7""",194 lbs,SR,"Mansfield, TX"
Big 12,OKLAHOMA STATE,RB3,Tre Page III,"5'8""",184 lbs,SO,"Atlanta, GA"
Big 12,OKLAHOMA STATE,WRX,Justin Bowick,"6'5""",209 lbs,SR,"Atlanta, GA"
Big 12,OKLAHOMA STATE,WRZ,Wyatt Young,"6'0""",199 lbs,JR,"Katy, TX"
Big 12,OKLAHOMA STATE,WRF,Chris Barnes,"5'7""",169 lbs,SO,"Houston, TX"
Big 12,OKLAHOMA STATE,WR4,Miles Coleman,"5'6""",158 lbs,JR,"Austin, TX"
Big 12,OKLAHOMA STATE,TE1,Donovan Green,"6'3""",238 lbs,SR,"Houston, TX"
Big 12,OKLAHOMA STATE,TE2,Oscar Hammond,"6'3""",243 lbs,SR,"Collinsville, OK"
Big 12,OKLAHOMA STATE,K,Sam Keltner,"5'10""",185 lbs,SO,"Keller, TX"
Big 12,TCU,QB1,Jaden Craig,"6'3""",230 lbs,SR,"Montclair, NJ"
Big 12,TCU,QB2,Adam Schobel,"6'5""",210 lbs,FR,"Columbus, TX"
Big 12,TCU,RB1,Jeremy Payne,"5'10""",180 lbs,JR,"Missouri City, TX"
Big 12,TCU,RB2,Landon Walker,"6'2""",225 lbs,SR,"Fort Worth, TX"
Big 12,TCU,RB3,Jon Denman,"5'10""",210 lbs,SO,"Palestine, TX"
Big 12,TCU,WRX,Jordan Dwyer,"6'0""",190 lbs,SR,"Puyallup, WA"
Big 12,TCU,WRZ,Jeremy Scott,"6'3""",210 lbs,SO,"Jackson, MS"
Big 12,TCU,WRF,Ed Small,"6'0""",210 lbs,SO,"Austin, TX"
Big 12,TCU,WR4,Major Everhart,"5'11""",180 lbs,SR,"Amarillo, TX"
Big 12,TCU,TE1,Lafayette Kaiuway,"6'6""",260 lbs,JR,"Arlington, TX"
Big 12,TCU,TE2,Ka'Morreun Pimpton,"6'6""",250 lbs,JR,"Fort Worth, TX"
Big 12,TCU,K,Kyle Lemmermann,"6'2""",195 lbs,SO,"Southlake, TX"
Big 12,TEXAS TECH,QB1,Will Hammond,"6' 2""",210 lbs,SO,"Austin, TX"
Big 12,TEXAS TECH,QB2,Lloyd Jones III,"6' 4""",215 lbs,FR,"Hitchcock, TX"
Big 12,TEXAS TECH,RB1,Cameron Dickey,"5' 10""",215 lbs,JR,"Austin, TX"
Big 12,TEXAS TECH,RB2,J'koby Williams,"5' 10""",185 lbs,JR,"Beckville, TX"
Big 12,TEXAS TECH,RB3,Quinten Joyner,"5' 11""",220 lbs,JR,"Austin, TX"
Big 12,TEXAS TECH,WRX,Micah Hudson,"6' 0""",200 lbs,JR,"Temple, TX"
Big 12,TEXAS TECH,WRZ,Kenny Johnson,"6' 1""",200 lbs,SR,"York, PA"
Big 12,TEXAS TECH,WRF,Coy Eakin,"6' 2""",210 lbs,SR,"Stephenville, TX"
Big 12,TEXAS TECH,WR4,Donte Lee Jr.,"6' 3""",190 lbs,SR,"Baltimore, MD"
Big 12,TEXAS TECH,TE1,Terrance Carter Jr.,"6' 2""",245 lbs,SR,"Killeen, TX"
Big 12,TEXAS TECH,TE2,Jett Carpenter,"6' 3""",250 lbs,SR,"Medford, OR"
Big 12,TEXAS TECH,K,Stone Harrington,"6' 3""",200 lbs,SR,"Colleyville, TX"
Big 12,UTAH,QB1,Devon Dampier,"5' 11""",210 lbs,SR,"Phoenix, AZ"
Big 12,UTAH,QB2,Byrd Ficklin,"6' 1""",200 lbs,SO,"Muskogee, OK"
Big 12,UTAH,RB1,Wayshawn Parker,"5' 10""",205 lbs,JR,"Richmond, CA"
Big 12,UTAH,RB2,Steve Chavez-Soto,"6' 0""",205 lbs,SO,"Chino, CA"
Big 12,UTAH,RB3,Daniel Bray,"5' 10""",180 lbs,SO,"Fort Worth, TX"
Big 12,UTAH,WRX,Larry Simmons,"6' 1""",190 lbs,SR,"Moss Point, MS"
Big 12,UTAH,WRZ,Braden Pegan,"6' 3""",210 lbs,JR,"San Juan Capistrano, CA"
Big 12,UTAH,WRF,Creed Whittemore,"5' 11""",182 lbs,JR,"Gainesville, FL"
Big 12,UTAH,WR4,Tobias Merriweather,"6' 5""",200 lbs,SR,"West Camas, WA"
Big 12,UTAH,TE1,Hunter Andrews,"6' 3""",230 lbs,SO,"Magnolia, TX"
Big 12,UTAH,TE2,Noah Bennee,"6' 4""",240 lbs,SR,"Holladay, UT"
Big 12,UTAH,K,Dillon Curtis,"6' 2""",190 lbs,SO,"Murray, UT"
Big 12,WEST VIRGINIA,QB1,Michael Hawkins Jr.,"6' 1""",203 lbs,SO,"Dallas, TX"
Big 12,WEST VIRGINIA,QB2,Scotty Fox Jr.,"6' 2""",213 lbs,SO,"Mentor, OH"
Big 12,WEST VIRGINIA,RB1,Cam Cook,"5' 9""",202 lbs,SR,"Round Rock, TX"
Big 12,WEST VIRGINIA,RB2,Amari Latimer,"5' 10""",231 lbs,FR,"Fairburn, GA"
Big 12,WEST VIRGINIA,RB3,Chris Talley,"5' 11""",188 lbs,FR,"Memphis, TN"
Big 12,WEST VIRGINIA,WRX,Prince Strachan,"6' 5""",211 lbs,JR,"Freeport, Grand Bahama"
Big 12,WEST VIRGINIA,WRZ,Jaden Bray,"6' 2""",209 lbs,SR,"Norman, OK"
Big 12,WEST VIRGINIA,WRF,DJ Epps,"5' 11""",186 lbs,SR,"Phenix City, AL"
Big 12,WEST VIRGINIA,WR4,John Neider,"6' 2""",201 lbs,JR,"Milford, CT"
Big 12,WEST VIRGINIA,TE1,Ryan Ward,"6' 4""",240 lbs,JR,"Rutherford, NJ"
Big 12,WEST VIRGINIA,TE2,Cameron Ball,"6' 7""",240 lbs,SR,"Glenn Dale, MD"
Big 12,WEST VIRGINIA,K,Jack Cassidy,"6' 6""",230 lbs,SR,"Derry, Ireland"
Notre Dame,NOTRE DAME,QB1,CJ Carr,"6' 3""",210 lbs,FR,"Saline, MI"
Notre Dame,NOTRE DAME,QB2,Blake Hebert,"6' 3""",225 lbs,FR,"Boxford, MA"
Notre Dame,NOTRE DAME,RB1,Aneyas Williams,"5' 10""",200 lbs,SO,"Hannibal, MO"
Notre Dame,NOTRE DAME,RB2,Nolan James Jr.,"5' 10""",214 lbs,FR,"Westwood, NJ"
Notre Dame,NOTRE DAME,RB3,Kedren Young,"5' 11""",242 lbs,FR,"Lufkin, TX"
Notre Dame,NOTRE DAME,WRX,Jordan Faison,"5' 10""",183 lbs,JR,"Fort Lauderdale, FL"
Notre Dame,NOTRE DAME,WRZ,Quincy Porter,"6' 4""",210 lbs,FR,"New Milford, NJ"
Notre Dame,NOTRE DAME,WRF,Mylan Graham,"6' 1""",195 lbs,SO,"Fort Wayne, IN"
Notre Dame,NOTRE DAME,WR4,Cam Williams,"6' 2""",198 lbs,FR,"Glen Ellyn, IL"
Notre Dame,NOTRE DAME,TE1,Cooper Flanagan,"6' 6""",258 lbs,JR,"Pleasant Hill, CA"
Notre Dame,NOTRE DAME,TE2,James Flanigan,"6' 6""",237 lbs,FR,"Green Bay, WI"
Notre Dame,NOTRE DAME,K,Spencer Porath,"5' 11""",200 lbs,SO,"Brownsburg, IN"
