source_sheet,TEAM,POSITION,PLAYER,COMP.,ATTEMPTS,PASS YDS,PASS TDS,INTS,RUSH YDS,RUSH TDS,RECEPTIONS,REC YDS,REC TDS,FG,XP,FANTASY PROJ.
Big10,OHIO STATE,QB1,Julian Sayin,326,438,3768,33,9,182,2,0,0,0,0,0,323.9
Big10,OHIO STATE,QB2,Tavien St. Clair,42,61,514,5,2,94,1,0,0,0,0,0,56
Big10,OHIO STATE,RB1,Bo Jackson,0,0,0,0,0,1364,14,24,228,2,0,0,332.2
Big10,OHIO STATE,RB2,Isaiah West,0,0,0,0,0,486,4,11,88,0,0,0,103.4
Big10,OHIO STATE,RB3,Ja'Kobi Jackson,0,0,0,0,0,268,3,7,56,0,0,0,51.4
Big10,OHIO STATE,WR1,Jeremiah Smith,0,0,0,0,0,22,0,98,1548,15,0,0,342.8
Big10,OHIO STATE,WR2,Chris Henry Jr.,0,0,0,0,0,14,0,54,824,8,0,0,184.8
Big10,OHIO STATE,WR3,Brandon Inniss,0,0,0,0,0,28,1,67,878,7,0,0,216.6
Big10,OHIO STATE,WR4,Devin McCuin,0,0,0,0,0,11,0,34,468,4,0,0,101.9
Big10,OHIO STATE,TE1,Nate Roberts,0,0,0,0,0,0,0,34,382,4,0,0,96.2
Big10,OHIO STATE,TE2,Mason Williams,0,0,0,0,0,0,0,18,204,2,0,0,48.4
Big10,OHIO STATE,K,Connor Hawkins,0,0,0,0,0,0,0,0,0,0,18,74,128
Big10,ILLINOIS,QB1,Katin Houser,284,424,3348,27,9,242,6,0,0,0,0,0,309.1
Big10,ILLINOIS,QB2,Carson Boyd,18,29,228,2,1,54,1,0,0,0,0,0,28.5
Big10,ILLINOIS,RB1,Ca'Lil Valentine,0,0,0,0,0,842,8,19,132,1,0,0,180.4
Big10,ILLINOIS,RB2,Aidan Laughery,0,0,0,0,0,568,5,14,96,0,0,0,113.4
Big10,ILLINOIS,RB3,Javari Barnett,0,0,0,0,0,188,2,5,34,0,0,0,38.2
Big10,ILLINOIS,WR1,Alex Perry,0,0,0,0,0,14,0,61,918,8,0,0,201.2
Big10,ILLINOIS,WR2,Collin Dixon,0,0,0,0,0,11,0,49,706,5,0,0,150.7
Big10,ILLINOIS,WR3,Hudson Clement,0,0,0,0,0,22,0,56,742,5,0,0,160.4
Big10,ILLINOIS,WR4,Jayshon Platt,0,0,0,0,0,8,0,34,462,3,0,0,94
Big10,ILLINOIS,TE1,Christian Abney,0,0,0,0,0,0,0,21,244,3,0,0,59.4
Big10,ILLINOIS,TE2,Kaden Feagin,0,0,0,0,0,214,2,18,186,2,0,0,84
Big10,ILLINOIS,K,Lucas Osada,0,0,0,0,0,0,0,0,0,0,17,46,97
Big10,INDIANA,QB1,Josh Hoover,279,417,3472,31,10,84,2,0,0,0,0,0,296.3
Big10,INDIANA,QB2,Grant Wilson,21,33,264,2,1,42,0,0,0,0,0,0,22.8
Big10,INDIANA,RB1,Turbo Richard,0,0,0,0,0,862,8,22,176,1,0,0,189.8
Big10,INDIANA,RB2,Khobie Martin,0,0,0,0,0,734,7,16,122,1,0,0,164.6
Big10,INDIANA,RB3,Lee Beebe Jr.,0,0,0,0,0,286,3,9,68,0,0,0,60.4
Big10,INDIANA,WR1,Nick Marsh,0,0,0,0,0,18,0,74,1086,10,0,0,236.4
Big10,INDIANA,WR2,Charlie Becker,0,0,0,0,0,11,0,49,742,6,0,0,159.3
Big10,INDIANA,WR3,Tyler Morris,0,0,0,0,0,26,0,54,648,5,0,0,149.4
Big10,INDIANA,WR4,Shazz Preston,0,0,0,0,0,8,0,31,404,3,0,0,83.2
Big10,INDIANA,TE1,Andrew Barker,0,0,0,0,0,0,0,29,338,3,0,0,73.8
Big10,INDIANA,TE2,Brock Schott,0,0,0,0,0,0,0,16,182,2,0,0,43.2
Big10,INDIANA,K,Nico Radicic,0,0,0,0,0,0,0,0,0,0,17,70,121
Big10,IOWA,QB1,Jeremy Hecklinski,218,335,2485,18,10,170,3,0,0,0,0,0,186.4
Big10,IOWA,QB2,Hank Brown,24,45,255,2,2,20,1,0,0,0,0,0,22.2
Big10,IOWA,WR1,Reece Vander Zee,0,0,0,0,0,5,0,44,650,5,0,0,139.5
Big10,IOWA,WR2,Tony Diaz,0,0,0,0,0,20,0,37,430,3,0,0,100
Big10,IOWA,WR3,Evan James,0,0,0,0,0,35,0,30,385,3,0,0,90
Big10,IOWA,WR4,Dayton Howard,0,0,0,0,0,15,0,18,240,2,0,0,56
Big10,IOWA,RB1,Kamari Moulton,0,0,0,0,0,945,9,18,125,1,0,0,185
Big10,IOWA,RB2,Lendon Phillips Jr,0,0,0,0,0,575,6,9,70,0,0,0,109.5
Big10,IOWA,RB3,Xavier Williams,0,0,0,0,0,260,3,5,35,0,0,0,52.5
Big10,IOWA,TE1,DJ Vonnahme,0,0,0,0,0,0,0,39,520,5,0,0,121
Big10,IOWA,TE2,Addison Ostrenga,0,0,0,0,0,0,0,19,205,2,0,0,51.5
Big10,IOWA,K,Eli Ozick,0,0,0,0,0,0,0,0,0,0,18,48,102
Big10,MARYLAND,QB1,Malik Washington,246,389,3015,24,11,285,5,0,0,0,0,0,274.1
Big10,MARYLAND,QB2,Devin Kargman,32,51,355,3,1,25,0,0,0,0,0,0,34.7
Big10,MARYLAND,RB1,DeJuan Williams,0,0,0,0,0,845,8,19,155,1,0,0,179
Big10,MARYLAND,RB2,Harry Dalton III,0,0,0,0,0,505,5,11,80,0,0,0,99.5
Big10,MARYLAND,RB3,Iverson Howard,0,0,0,0,0,245,2,6,45,0,0,0,45.5
Big10,MARYLAND,WR1,Kaleb Webb,0,0,0,0,0,15,0,63,890,8,0,0,201
Big10,MARYLAND,WR2,Na'eem Abdul-Rahim Gladding,0,0,0,0,0,20,0,49,705,5,0,0,151.5
Big10,MARYLAND,WR3,Chris Durr Jr.,0,0,0,0,0,10,0,34,455,3,0,0,98.5
Big10,MARYLAND,WR4,Jordan Scott,0,0,0,0,0,25,0,26,320,2,0,0,72
Big10,MARYLAND,TE1,Dorian Fleming,0,0,0,0,0,0,0,31,365,4,0,0,91.5
Big10,MARYLAND,TE2,Preston Howard,0,0,0,0,0,0,0,17,190,2,0,0,48
Big10,MARYLAND,K,Sean O'Haire,0,0,0,0,0,0,0,0,0,0,17,54,105
Big10,MICHIGAN,QB1,Bryce Underwood,244,376,3042,24,11,648,9,0,0,0,0,0,361.5
Big10,MICHIGAN,RB1,Jordan Marshall,1085,0,0,0,0,1085,11,22,180,1,0,0,236.5
Big10,MICHIGAN,RB2,Savion Hiter,620,0,0,0,0,620,6,14,125,1,0,0,130.5
Big10,MICHIGAN,RB3,Bryson Kuzdzal,285,0,0,0,0,285,3,6,55,0,0,0,57.5
Big10,MICHIGAN,WR1,Andrew Marsh,0,0,0,0,0,20,0,67,980,8,0,0,215
Big10,MICHIGAN,WR2,Jaime Ffrench Jr.,0,0,0,0,0,15,0,52,760,6,0,0,165.5
Big10,MICHIGAN,WR3,JJ Buchanan,0,0,0,0,0,10,0,38,520,4,0,0,115
Big10,MICHIGAN,WR4,Jamar Browder,0,0,0,0,0,10,0,21,290,2,0,0,63
Big10,MICHIGAN,TE1,Zack Marshall,0,0,0,0,0,0,0,27,340,3,0,0,79
Big10,MICHIGAN,TE2,Hogan Hansen,0,0,0,0,0,0,0,18,215,2,0,0,51.5
Big10,MICHIGAN,K,Trey Butkowski,0,0,0,0,0,0,0,0,0,0,19,63,120
Big10,MICHIGAN STATE,QB1,Alessio Milivojevic,239,382,2945,22,11,210,4,0,0,0,0,0,256.8
Big10,MICHIGAN STATE,QB2,Cam Fancher,44,71,510,4,2,120,2,0,0,0,0,0,66.4
Big10,MICHIGAN STATE,RB1,Cam Edwards,0,0,0,0,0,910,9,22,185,1,0,0,203.5
Big10,MICHIGAN STATE,RB2,Jaziun Patterson,0,0,0,0,0,575,5,13,95,0,0,0,112
Big10,MICHIGAN STATE,RB3,Brandon Tullis,0,0,0,0,0,265,3,7,55,0,0,0,56.5
Big10,MICHIGAN STATE,WR1,Fredrick Moore,0,0,0,0,0,20,0,61,870,7,0,0,190
Big10,MICHIGAN STATE,WR2,KK Smith,0,0,0,0,0,15,0,49,690,5,0,0,149
Big10,MICHIGAN STATE,WR3,Chrishon McCray,0,0,0,0,0,10,0,36,505,4,0,0,111.5
Big10,MICHIGAN STATE,WR4,Bryson Williams,0,0,0,0,0,10,0,22,315,2,0,0,66.5
Big10,MICHIGAN STATE,TE1,Brennan Parachek,0,0,0,0,0,0,0,32,390,4,0,0,95
Big10,MICHIGAN STATE,TE2,Kai Rios,0,0,0,0,0,0,0,14,175,1,0,0,37.5
Big10,MICHIGAN STATE,K,Liam Boyd,0,0,0,0,0,0,0,0,0,0,18,52,106
Big10,MINNESOTA,QB1,Drake Lindsey,214,332,2575,19,9,240,4,0,0,0,0,0,223
Big10,MINNESOTA,QB2,Max Shikenjanski,26,42,295,2,1,35,0,0,0,0,0,0,28.3
Big10,MINNESOTA,RB1,Darius Taylor,0,0,0,0,0,1195,10,29,245,1,0,0,259
Big10,MINNESOTA,RB2,A.J. Turner,0,0,0,0,0,465,4,11,95,0,0,0,80.5
Big10,MINNESOTA,RB3,Grant Washington,0,0,0,0,0,215,2,5,40,0,0,0,41
Big10,MINNESOTA,WR1,Jalen Smith,0,0,0,0,0,20,0,58,815,6,0,0,177.5
Big10,MINNESOTA,WR2,Perry Thompson,0,0,0,0,0,15,0,46,690,5,0,0,146
Big10,MINNESOTA,WR3,Javon Tracy,0,0,0,0,0,10,0,34,470,3,0,0,100
Big10,MINNESOTA,WR4,Noah Jennings,0,0,0,0,0,5,0,20,275,2,0,0,60
Big10,MINNESOTA,TE1,Kaden Helms,0,0,0,0,0,0,0,29,345,3,0,0,81.5
Big10,MINNESOTA,TE2,Pierce Walsh,0,0,0,0,0,0,0,15,170,1,0,0,38
Big10,MINNESOTA,K,Beckham Sunderland,0,0,0,0,0,0,0,0,0,0,17,49,100
Big10,NEBRASKA,QB1,Anthony Colandrea,248,396,3125,25,11,315,5,0,0,0,0,0,286.5
Big10,NEBRASKA,QB2,TJ Lateef,28,44,335,3,1,55,1,0,0,0,0,0,40.9
Big10,NEBRASKA,RB1,Isaiah Mozee,0,0,0,0,0,875,8,21,170,1,0,0,186
Big10,NEBRASKA,RB2,Mekhi Nelson,0,0,0,0,0,510,5,11,90,0,0,0,110
Big10,NEBRASKA,RB3,Kwinten Ives,0,0,0,0,0,255,2,5,40,0,0,0,46.5
Big10,NEBRASKA,WR1,Nyziah Hunter,0,0,0,0,0,25,0,62,910,8,0,0,203
Big10,NEBRASKA,WR2,Kwazi Gilmer,0,0,0,0,0,15,0,48,690,5,0,0,147
Big10,NEBRASKA,WR3,Jacory Barney Jr.,0,0,0,0,0,85,1,54,620,4,0,0,155
Big10,NEBRASKA,WR4,Quinn Clark,0,0,0,0,0,10,0,23,305,2,0,0,66.5
Big10,NEBRASKA,TE1,Luke Lindenmeyer,0,0,0,0,0,0,0,28,355,3,0,0,81.5
Big10,NEBRASKA,TE2,Carter Nelson,0,0,0,0,0,0,0,21,265,2,0,0,59.5
Big10,NEBRASKA,K,Kyle Cunanan,0,0,0,0,0,0,0,0,0,0,18,58,112
Big10,NORTHWESTERN,QB1,Aidan Chiles,236,381,2940,23,12,405,6,0,0,0,0,0,295.1
Big10,NORTHWESTERN,QB2,Nicco Marchiol,31,49,365,3,1,85,1,0,0,0,0,0,48.1
Big10,NORTHWESTERN,RB1,Caleb Komolafe,0,0,0,0,0,845,8,20,160,1,0,0,181
Big10,NORTHWESTERN,RB2,Gavin Sawchuk,0,0,0,0,0,540,5,16,125,1,0,0,123.5
Big10,NORTHWESTERN,RB3,Joseph Himon II,0,0,0,0,0,295,3,8,65,0,0,0,61.5
Big10,NORTHWESTERN,WR1,Hayden Eligon II,0,0,0,0,0,20,0,61,875,7,0,0,192.5
Big10,NORTHWESTERN,WR2,Griffin Wilde,0,0,0,0,0,10,0,46,655,5,0,0,142.5
Big10,NORTHWESTERN,WR3,Drew Wagner,0,0,0,0,0,15,0,34,470,3,0,0,98.5
Big10,NORTHWESTERN,WR4,Ricky Ahumaraeze,0,0,0,0,0,5,0,20,255,2,0,0,57.5
Big10,NORTHWESTERN,TE1,Alex Honig,0,0,0,0,0,0,0,27,315,3,0,0,76.5
Big10,NORTHWESTERN,TE2,Luke Dehnicke,0,0,0,0,0,0,0,16,185,1,0,0,40.5
Big10,NORTHWESTERN,K,Jackson Kleather,0,0,0,0,0,0,0,0,0,0,17,46,97
Big10,OREGON,QB1,Dante Moore,286,418,3825,34,9,285,5,0,0,0,0,0,341.5
Big10,OREGON,QB2,Dylan Raiola,41,63,505,4,1,40,0,0,0,0,0,0,54.2
Big10,OREGON,RB1,Jordon Davison,0,0,0,0,0,985,10,21,175,1,0,0,202
Big10,OREGON,RB2,Dierre Hill Jr.,0,0,0,0,0,585,5,14,120,1,0,0,129.5
Big10,OREGON,RB3,Da'Jaun Riggs,0,0,0,0,0,260,3,6,45,0,0,0,56.5
Big10,OREGON,WR1,Evan Stewart,0,0,0,0,0,25,0,74,1180,10,0,0,279.5
Big10,OREGON,WR2,Dakorien Moore,0,0,0,0,0,40,1,66,1025,8,0,0,257.5
Big10,OREGON,WR3,Jeremiah McClellan,0,0,0,0,0,15,0,42,610,5,0,0,134.5
Big10,OREGON,WR4,Gatlin Bair,0,0,0,0,0,35,0,29,455,4,0,0,104.5
Big10,OREGON,TE1,Jamari Johnson,0,0,0,0,0,0,0,33,420,5,0,0,105
Big10,OREGON,TE2,Andrew Olesh,0,0,0,0,0,0,0,18,235,2,0,0,53.5
Big10,OREGON,K,Gage Hurych,0,0,0,0,0,0,0,0,0,0,19,74,131
Big10,PENN STATE,QB1,Rocco Becht,252,387,3185,27,9,210,4,0,0,0,0,0,285.4
Big10,PENN STATE,QB2,Alex Manske,29,46,335,3,1,65,1,0,0,0,0,0,42.4
Big10,PENN STATE,RB1,Carson Hansen,0,0,0,0,0,1045,10,24,205,2,0,0,259
Big10,PENN STATE,RB2,James Peoples,0,0,0,0,0,625,6,14,115,1,0,0,138.5
Big10,PENN STATE,RB3,Quinton Martin Jr.,0,0,0,0,0,295,3,12,135,1,0,0,88
Big10,PENN STATE,WR1,Chase Sowell,0,0,0,0,0,20,0,63,915,8,0,0,204.5
Big10,PENN STATE,WR2,Brett Eskildsen,0,0,0,0,0,10,0,47,690,5,0,0,147
Big10,PENN STATE,WR3,Koby Howard,0,0,0,0,0,15,0,35,505,4,0,0,111
Big10,PENN STATE,WR4,Zay Robinson,0,0,0,0,0,20,0,18,245,2,0,0,56.5
Big10,PENN STATE,TE1A,Benjamin Brahmer,0,0,0,0,0,0,0,31,395,4,0,0,94.5
Big10,PENN STATE,TE1B,Andrew Rappleyea,0,0,0,0,0,0,0,26,315,3,0,0,75.5
Big10,PENN STATE,K,Ryan Barker,0,0,0,0,0,0,0,0,0,0,20,68,128
Big10,PURDUE,QB1,Ryan Browne,227,364,2765,20,11,425,7,0,0,0,0,0,293.1
Big10,PURDUE,QB2,Evans Chuba,26,40,305,2,1,55,1,0,0,0,0,0,37.7
Big10,PURDUE,RB1,Fame Ijeboi,0,0,0,0,0,885,8,20,165,1,0,0,193.5
Big10,PURDUE,RB2,Jerrick Gibson,0,0,0,0,0,560,5,15,130,1,0,0,128
Big10,PURDUE,RB3,Antonio Harris,0,0,0,0,0,285,3,7,55,0,0,0,58.5
Big10,PURDUE,WR1,Xavier Townsend,0,0,0,0,0,55,1,64,905,7,0,0,248.5
Big10,PURDUE,WR2,Bisi Owens,0,0,0,0,0,15,0,47,675,5,0,0,145.5
Big10,PURDUE,WR3,Asaad Waseem,0,0,0,0,0,10,0,36,505,4,0,0,111.5
Big10,PURDUE,WR4,Jaylan Hornsby,0,0,0,0,0,10,0,24,315,2,0,0,69.5
Big10,PURDUE,TE1,George Burhenn,0,0,0,0,0,0,0,31,365,4,0,0,91.5
Big10,PURDUE,TE2,Kylan Fox,0,0,0,0,0,0,0,19,235,2,0,0,54.5
Big10,PURDUE,K,Jacobo Lozano,0,0,0,0,0,0,0,0,0,0,17,49,100
Big10,RUTGERS,QB1,AJ Surace,219,348,2545,18,10,365,6,0,0,0,0,0,252.3
Big10,RUTGERS,QB2,Dylan Lonergan,30,48,355,3,1,40,0,0,0,0,0,0,35.2
Big10,RUTGERS,RB1,Antwan Raymond,0,0,0,0,0,1275,13,18,145,1,0,0,244
Big10,RUTGERS,RB2,Clay Thevenin,0,0,0,0,0,515,5,10,85,0,0,0,99.5
Big10,RUTGERS,RB3,Ja'shon Benjamin,0,0,0,0,0,255,2,7,55,0,0,0,54.5
Big10,RUTGERS,WR1,KJ Duff,0,0,0,0,0,35,0,69,1145,9,0,0,274
Big10,RUTGERS,WR2,Ben Black,0,0,0,0,0,10,0,44,610,4,0,0,129
Big10,RUTGERS,WR3,Jourdin Houston,0,0,0,0,0,15,0,33,455,3,0,0,97
Big10,RUTGERS,WR4,Michael Thomas III,0,0,0,0,0,10,0,20,285,2,0,0,68.5
Big10,RUTGERS,TE1,Logan Blake,0,0,0,0,0,0,0,28,330,3,0,0,79
Big10,RUTGERS,TE2,Kameron Anthony,0,0,0,0,0,0,0,15,175,1,0,0,38.5
Big10,RUTGERS,K,Jai Patel,0,0,0,0,0,0,0,0,0,0,18,52,106
Big10,UCLA,QB1,Nico Iamaleava,233,356,2650,20,9,525,6,0,0,0,0,0,256.5
Big10,UCLA,QB2,Madden Iamaleava,33,52,395,3,1,55,1,0,0,0,0,0,44.3
Big10,UCLA,RB1,Wayne Knight,0,0,0,0,0,1300,12,28,230,2,0,0,265
Big10,UCLA,RB2,Anthony Woods,0,0,0,0,0,565,5,14,115,1,0,0,126.5
Big10,UCLA,RB3,Jaivian Thomas,0,0,0,0,0,285,3,7,60,0,0,0,60
Big10,UCLA,WR1,Leland Smith,0,0,0,0,0,20,0,67,985,8,0,0,214.5
Big10,UCLA,WR2,Landon Ellis,0,0,0,0,0,15,0,49,710,5,0,0,151
Big10,UCLA,WR3,Mikey Matthews,0,0,0,0,0,45,1,55,655,5,0,0,202.5
Big10,UCLA,WR4,Aidan Mizell,0,0,0,0,0,20,0,27,390,3,0,0,106
Big10,UCLA,TE1,Joshua Phifer,0,0,0,0,0,0,0,30,365,4,0,0,90.5
Big10,UCLA,TE2,Brayden Loftin,0,0,0,0,0,0,0,17,205,2,0,0,49.5
Big10,UCLA,K,Mateen Bhaghani,0,0,0,0,0,0,0,0,0,0,19,61,118
Big10,USC,QB1,Jayden Maiava,261,394,3640,26,8,205,4,0,0,0,0,0,299.1
Big10,USC,QB2,Sam Huard,29,46,365,3,1,15,0,0,0,0,0,0,32.1
Big10,USC,RB1,Waymond Jordan,0,0,0,0,0,955,9,23,185,2,0,0,227
Big10,USC,RB2,King Miller,0,0,0,0,0,565,5,14,125,1,0,0,130.5
Big10,USC,RB3,Riley Wormley,0,0,0,0,0,255,2,6,45,0,0,0,52.5
Big10,USC,WR1,Terrell Anderson,0,0,0,0,0,20,0,66,985,8,0,0,212.5
Big10,USC,WR2,Tanook Hines,0,0,0,0,0,40,1,55,790,6,0,0,214
Big10,USC,WR3,Zacharyus Williams,0,0,0,0,0,10,0,39,565,4,0,0,120.5
Big10,USC,WR4,Corey Simms,0,0,0,0,0,15,0,24,355,3,0,0,78.5
Big10,USC,TE1,Mark Bowman,0,0,0,0,0,0,0,32,405,4,0,0,96.5
Big10,USC,TE2,Tucker Ashcraft,0,0,0,0,0,0,0,17,210,2,0,0,50
Big10,USC,K,Ryon Sayeri,0,0,0,0,0,0,0,0,0,0,19,66,123
Big10,WASHINGTON,QB1,Demond Williams Jr.,247,372,3185,25,8,645,9,0,0,0,0,0,381.9
Big10,WASHINGTON,QB2,Elijah Brown,31,49,395,3,1,20,0,0,0,0,0,0,33.8
Big10,WASHINGTON,RB1,Jayden Limar,0,0,0,0,0,835,8,19,155,1,0,0,179.5
Big10,WASHINGTON,RB2,Jordan Washington,0,0,0,0,0,575,5,15,125,1,0,0,129.5
Big10,WASHINGTON,RB3,Brian Bonner Jr.,0,0,0,0,0,255,2,8,65,0,0,0,61.5
Big10,WASHINGTON,WR1,Christian Moss,0,0,0,0,0,15,0,63,945,8,0,0,222
Big10,WASHINGTON,WR2,Rashid Williams,0,0,0,0,0,20,0,56,825,6,0,0,194.5
Big10,WASHINGTON,WR3,Dezmen Roebuck,0,0,0,0,0,10,0,39,565,4,0,0,120.5
Big10,WASHINGTON,WR4,Chris Lawson,0,0,0,0,0,10,0,24,335,2,0,0,69.5
Big10,WASHINGTON,TE1,Decker DeGraaf,0,0,0,0,0,0,0,30,385,4,0,0,92.5
Big10,WASHINGTON,TE2,Kade Eldridge,0,0,0,0,0,0,0,18,225,2,0,0,52.5
Big10,WASHINGTON,K,Tyler Robles,0,0,0,0,0,0,0,0,0,0,18,63,117
Big10,WISCONSIN,QB1,Colton Joseph,212,332,2445,17,10,395,6,0,0,0,0,0,263.3
Big10,WISCONSIN,QB2,Deuce Adams,24,38,285,2,1,45,0,0,0,0,0,0,28.9
Big10,WISCONSIN,RB1,Abu Sama III,0,0,0,0,0,965,9,16,125,1,0,0,185
Big10,WISCONSIN,RB2,Darrion Dupree,0,0,0,0,0,645,6,13,105,1,0,0,147
Big10,WISCONSIN,RB3,Bryan Jackson II,0,0,0,0,0,255,2,5,40,0,0,0,51.5
Big10,WISCONSIN,WR1,Eugene Hilton Jr.,0,0,0,0,0,15,0,49,685,5,0,0,148.5
Big10,WISCONSIN,WR2,Chris Brooks Jr.,0,0,0,0,0,10,0,36,485,3,0,0,102.5
Big10,WISCONSIN,WR3,Tyrell Henry,0,0,0,0,0,15,0,29,395,3,0,0,87.5
Big10,WISCONSIN,WR4,Jaylon Domingeaux,0,0,0,0,0,10,0,18,240,2,0,0,54
Big10,WISCONSIN,TE1,Jacob Harris,0,0,0,0,0,0,0,27,325,3,0,0,77.5
Big10,WISCONSIN,TE2,Grant Stec,0,0,0,0,0,0,0,16,185,1,0,0,40.5
Big10,WISCONSIN,K,Gavin Lahm,0,0,0,0,0,0,0,0,0,0,17,41,92
ACC,BOSTON COLLEGE,QB1,Mason McKenzie,219,341,2485,18,10,315,5,0,0,0,0,0,238.9
ACC,BOSTON COLLEGE,QB2,Grayson Wilson,24,39,285,2,1,35,0,0,0,0,0,0,27.9
ACC,BOSTON COLLEGE,RB1,Evan Dickens,0,0,0,0,0,1045,10,18,145,1,0,0,218.5
ACC,BOSTON COLLEGE,RB2,Nolan Ray,0,0,0,0,0,565,5,11,85,0,0,0,106.5
ACC,BOSTON COLLEGE,RB3,Bo MacCormack III,0,0,0,0,0,255,2,5,40,0,0,0,51.5
ACC,BOSTON COLLEGE,WR1,Javarius Green,0,0,0,0,0,15,0,56,785,6,0,0,173.5
ACC,BOSTON COLLEGE,WR2,Reed Swanson,0,0,0,0,0,10,0,39,545,4,0,0,118.5
ACC,BOSTON COLLEGE,WR3,Jaedn Skeete,0,0,0,0,0,15,0,31,435,3,0,0,94.5
ACC,BOSTON COLLEGE,WR4,Dawson Pough,0,0,0,0,0,10,0,18,245,2,0,0,54.5
ACC,BOSTON COLLEGE,TE1,Kaelan Chudzinski,0,0,0,0,0,0,0,29,345,3,0,0,81.5
ACC,BOSTON COLLEGE,TE2,Cameron Kossmann,0,0,0,0,0,0,0,15,175,1,0,0,38.5
ACC,BOSTON COLLEGE,K,Luca Lombardo,0,0,0,0,0,0,0,0,0,0,17,44,95
ACC,CALIFORNIA,QB1,Jaron-Keawe Sagapolutele,236,358,2875,22,10,405,7,0,0,0,0,0,309.5
ACC,CALIFORNIA,QB2,Jackson Brousseau,22,36,255,2,1,30,0,0,0,0,0,0,23.2
ACC,CALIFORNIA,RB1,Adam Mohammed,0,0,0,0,0,985,9,20,165,1,0,0,196.5
ACC,CALIFORNIA,RB2,Ashten Emory,0,0,0,0,0,545,5,12,95,0,0,0,107.5
ACC,CALIFORNIA,RB3,Carter Vegas,0,0,0,0,0,235,2,5,45,0,0,0,50.5
ACC,CALIFORNIA,WR1,Ian Strong,0,0,0,0,0,20,0,63,925,7,0,0,199.5
ACC,CALIFORNIA,WR2,Chase Hendricks,0,0,0,0,0,15,0,58,845,6,0,0,179
ACC,CALIFORNIA,WR3,Cooper Perry,0,0,0,0,0,15,0,34,475,4,0,0,108
ACC,CALIFORNIA,WR4,Jordan King,0,0,0,0,0,10,0,19,255,2,0,0,58.5
ACC,CALIFORNIA,TE1,Dorian Thomas,0,0,0,0,0,0,0,28,345,3,0,0,80.5
ACC,CALIFORNIA,TE2,Mason Mini,0,0,0,0,0,0,0,14,170,1,0,0,37
ACC,CALIFORNIA,K,Chase Meyer,0,0,0,0,0,0,0,0,0,0,18,47,101
ACC,CLEMSON,QB1,Christopher Vizzina,248,372,3235,28,9,365,6,0,0,0,0,0,328.9
ACC,CLEMSON,QB2,Chris Denson,24,38,285,2,1,45,1,0,0,0,0,0,35.9
ACC,CLEMSON,RB1,Gideon Davidson,0,0,0,0,0,1085,11,19,165,1,0,0,220.5
ACC,CLEMSON,RB2,Chris Johnson Jr.,0,0,0,0,0,585,5,16,145,1,0,0,135.5
ACC,CLEMSON,RB3,David Eziomume,0,0,0,0,0,275,3,6,50,0,0,0,59
ACC,CLEMSON,WR1,Bryant Wesco Jr.,0,0,0,0,0,25,0,74,1125,10,0,0,271.5
ACC,CLEMSON,WR2,T.J. Moore,0,0,0,0,0,20,0,67,1015,8,0,0,236.5
ACC,CLEMSON,WR3,Naeem Burroughs,0,0,0,0,0,15,0,43,625,5,0,0,136
ACC,CLEMSON,WR4,Cole Turner,0,0,0,0,0,10,0,24,345,3,0,0,76.5
ACC,CLEMSON,TE1,Christian Bentancur,0,0,0,0,0,0,0,34,425,5,0,0,106.5
ACC,CLEMSON,TE2,Olsen Patt-Henry,0,0,0,0,0,0,0,17,205,2,0,0,49.5
ACC,CLEMSON,K,Nolan Hauser,0,0,0,0,0,0,0,0,0,0,21,76,139
ACC,DUKE,QB1,Walker Eget,226,347,2685,21,9,245,4,0,0,0,0,0,246.9
ACC,DUKE,QB2,Dan Mahan,23,37,275,2,1,30,0,0,0,0,0,0,25
ACC,DUKE,RB1,Nate Sheppard,0,0,0,0,0,1315,12,36,275,1,0,0,277
ACC,DUKE,RB2,CJ Campbell Jr.,0,0,0,0,0,565,5,13,105,1,0,0,124.5
ACC,DUKE,RB3,Wilhelm Daal,0,0,0,0,0,235,2,5,40,0,0,0,50.5
ACC,DUKE,WR1,Jared Richardson,0,0,0,0,0,15,0,58,825,7,0,0,183
ACC,DUKE,WR2,Javen Nicholas,0,0,0,0,0,10,0,43,595,4,0,0,126.5
ACC,DUKE,WR3,Jayden Moore,0,0,0,0,0,15,0,34,465,3,0,0,96.5
ACC,DUKE,WR4,Jaivon Solomon,0,0,0,0,0,10,0,21,285,2,0,0,61.5
ACC,DUKE,TE1,Jeremiah Hasley,0,0,0,0,0,0,0,31,365,4,0,0,91.5
ACC,DUKE,TE2,Nate Kurisky,0,0,0,0,0,0,0,15,175,1,0,0,38.5
ACC,DUKE,K,Cosme Salas,0,0,0,0,0,0,0,0,0,0,18,48,102
ACC,FLORIDA STATE,QB1,Ashton Daniels,225,358,2645,19,10,560,7,0,0,0,0,0,291.8
ACC,FLORIDA STATE,QB2,Kevin Sperry,25,40,300,2,1,75,1,0,0,0,0,0,39.5
ACC,FLORIDA STATE,RB1,Quintrevion Wisner,0,0,0,0,0,840,8,22,185,1,0,0,178.5
ACC,FLORIDA STATE,RB2,Ousmane Kromah,0,0,0,0,0,615,6,14,115,1,0,0,136.5
ACC,FLORIDA STATE,RB3,Samuel Singleton Jr.,0,0,0,0,0,295,3,8,65,0,0,0,61.5
ACC,FLORIDA STATE,WR1,Duce Robinson,0,0,0,0,0,5,0,72,1250,10,0,0,257.5
ACC,FLORIDA STATE,WR2,Micahi Danzy,0,0,0,0,0,70,1,45,650,5,0,0,153
ACC,FLORIDA STATE,WR3,Jayvan Boggs,0,0,0,0,0,15,0,39,565,4,0,0,121
ACC,FLORIDA STATE,WR4,Tae'Shaun Gelsey,0,0,0,0,0,10,0,23,315,2,0,0,68.5
ACC,FLORIDA STATE,TE1,Desirrio Riles,0,0,0,0,0,0,0,29,355,4,0,0,88.5
ACC,FLORIDA STATE,TE2,Landen Thomas,0,0,0,0,0,0,0,22,275,3,0,0,67.5
ACC,FLORIDA STATE,K,Gabe Panikowski,0,0,0,0,0,0,0,0,0,0,18,55,109
ACC,GEORGIA TECH,QB1,Alberto Mendoza,238,361,2875,22,9,445,7,0,0,0,0,0,315.5
ACC,GEORGIA TECH,QB2,Graham Knowles,24,39,285,2,1,55,1,0,0,0,0,0,37.9
ACC,GEORGIA TECH,RB1,Justice Haynes,0,0,0,0,0,1185,11,24,205,2,0,0,289
ACC,GEORGIA TECH,RB2,Malachi Hosley,0,0,0,0,0,645,6,13,105,1,0,0,147
ACC,GEORGIA TECH,RB3,Trelain Maddox,0,0,0,0,0,285,3,6,45,0,0,0,57.5
ACC,GEORGIA TECH,WR1,Isaiah Fuhrmann,0,0,0,0,0,15,0,57,835,7,0,0,183
ACC,GEORGIA TECH,WR2,Jaylen Mbakwe,0,0,0,0,0,145,2,48,675,5,0,0,180
ACC,GEORGIA TECH,WR3,Jordan Allen,0,0,0,0,0,10,0,34,485,4,0,0,108.5
ACC,GEORGIA TECH,WR4,Jaiven Plummer,0,0,0,0,0,10,0,20,275,2,0,0,59.5
ACC,GEORGIA TECH,TE1,Chris Corbo,0,0,0,0,0,0,0,30,365,4,0,0,90.5
ACC,GEORGIA TECH,TE2,Gavin Harris,0,0,0,0,0,0,0,15,175,1,0,0,38.5
ACC,GEORGIA TECH,K,Aidan Birr,0,0,0,0,0,0,0,0,0,0,20,63,123
ACC,LOUISVILLE,QB1,Lincoln Kienholz,246,372,3145,26,9,345,5,0,0,0,0,0,306.3
ACC,LOUISVILLE,QB2,Davin Wydner,24,38,295,2,1,45,0,0,0,0,0,0,28.3
ACC,LOUISVILLE,RB1,Isaac Brown,0,0,0,0,0,1285,12,28,255,2,0,0,301
ACC,LOUISVILLE,RB2,Keyjuan Brown,0,0,0,0,0,565,5,14,115,1,0,0,126.5
ACC,LOUISVILLE,RB3,Marquise Davis,0,0,0,0,0,335,3,8,65,0,0,0,67.5
ACC,LOUISVILLE,WR1,Tre Richardson,0,0,0,0,0,20,0,64,965,8,0,0,209.5
ACC,LOUISVILLE,WR2,Lawayne McCoy,0,0,0,0,0,35,1,57,835,6,0,0,218
ACC,LOUISVILLE,WR3,TreyShun Hurry,0,0,0,0,0,10,0,38,535,4,0,0,115.5
ACC,LOUISVILLE,WR4,Terrence McWilliams Jr.,0,0,0,0,0,10,0,23,315,2,0,0,68.5
ACC,LOUISVILLE,TE1,Brody Foley,0,0,0,0,0,0,0,32,395,4,0,0,95.5
ACC,LOUISVILLE,TE2,Jaleel Skinner,0,0,0,0,0,0,0,18,225,2,0,0,52.5
ACC,LOUISVILLE,K,Nick Keller,0,0,0,0,0,0,0,0,0,0,20,67,127
ACC,MIAMI,QB1,Darian Mensah,264,392,3485,31,9,315,5,0,0,0,0,0,334.9
ACC,MIAMI,QB2,Luke Nickel,27,42,335,3,1,45,0,0,0,0,0,0,33.9
ACC,MIAMI,RB1,Mark Fletcher Jr.,0,0,0,0,0,1345,14,24,205,2,0,0,313.5
ACC,MIAMI,RB2,CharMar Brown,0,0,0,0,0,515,4,11,95,1,0,0,104.5
ACC,MIAMI,RB3,Girard Pringle Jr.,0,0,0,0,0,245,2,6,50,0,0,0,47.5
ACC,MIAMI,WR1,Malachi Toney,0,0,0,0,0,55,1,101,1385,11,0,0,314
ACC,MIAMI,WR2,Cooper Barkate,0,0,0,0,0,20,0,49,715,5,0,0,152.5
ACC,MIAMI,WR3,Vandrevius Jacobs,0,0,0,0,0,15,0,38,545,4,0,0,117
ACC,MIAMI,WR4,Cam Vaughn,0,0,0,0,0,10,0,22,305,2,0,0,64.5
ACC,MIAMI,TE1,Elija Lofton,0,0,0,0,0,0,0,35,445,5,0,0,109.5
ACC,MIAMI,TE2,Luka Gilbert,0,0,0,0,0,0,0,17,215,2,0,0,50.5
ACC,MIAMI,K,Jack Olsen,0,0,0,0,0,0,0,0,0,0,21,74,137
ACC,NORTH CAROLINA,QB1,Billy Edwards Jr.,244,381,3095,24,10,285,4,0,0,0,0,0,288.3
ACC,NORTH CAROLINA,QB2,Miles O'Neill,26,41,325,2,1,55,1,0,0,0,0,0,39.5
ACC,NORTH CAROLINA,RB1,Demon June,0,0,0,0,0,975,9,21,165,1,0,0,195
ACC,NORTH CAROLINA,RB2,Benjamin Hall,0,0,0,0,0,625,6,13,105,1,0,0,144.5
ACC,NORTH CAROLINA,RB3,Kaleb Jackson,0,0,0,0,0,345,3,8,65,0,0,0,67.5
ACC,NORTH CAROLINA,WR1,Jordan Shipp,0,0,0,0,0,20,0,68,1025,8,0,0,220.5
ACC,NORTH CAROLINA,WR2,Trech Kekahuna,0,0,0,0,0,35,1,56,805,6,0,0,213
ACC,NORTH CAROLINA,WR3,Nathan Leacock,0,0,0,0,0,10,0,39,565,4,0,0,120.5
ACC,NORTH CAROLINA,WR4,Madrid Tucker,0,0,0,0,0,10,0,23,315,2,0,0,68.5
ACC,NORTH CAROLINA,TE1,Jelani Thurman,0,0,0,0,0,0,0,34,425,5,0,0,106.5
ACC,NORTH CAROLINA,TE2,Jordan Washington,0,0,0,0,0,0,0,17,205,2,0,0,49.5
ACC,NORTH CAROLINA,K,Aeron Burrell,0,0,0,0,0,0,0,0,0,0,20,66,126
ACC,NC STATE,QB1,CJ Bailey,248,382,3215,26,10,425,6,0,0,0,0,0,329.1
ACC,NC STATE,QB2,Will Wilson,24,38,285,2,1,45,0,0,0,0,0,0,28.4
ACC,NC STATE,RB1,"Jayden ""Duke"" Scott",0,0,0,0,0,1045,10,22,185,1,0,0,223.5
ACC,NC STATE,RB2,Davion Gause,0,0,0,0,0,645,6,15,125,1,0,0,143
ACC,NC STATE,RB3,Jonathan Paylor,0,0,0,0,0,285,3,14,145,1,0,0,90.5
ACC,NC STATE,WR1,Victor Snow,0,0,0,0,0,20,0,67,1015,8,0,0,217.5
ACC,NC STATE,WR2,Keenan Jackson,0,0,0,0,0,15,0,54,805,6,0,0,191
ACC,NC STATE,WR3,Teddy Hoffmann,0,0,0,0,0,10,0,39,555,4,0,0,119.5
ACC,NC STATE,WR4,"Joshisa ""Jojo"" Trader",0,0,0,0,0,25,0,27,385,3,0,0,109.5
ACC,NC STATE,TE1,Preston Douglas,0,0,0,0,0,0,0,30,365,4,0,0,90.5
ACC,NC STATE,TE2,Vander Ploog,0,0,0,0,0,0,0,16,185,1,0,0,40.5
ACC,NC STATE,K,Kanoah Vinesett,0,0,0,0,0,0,0,0,0,0,19,61,118
ACC,PITTSBURGH,QB1,Mason Heintschel,219,344,2618,19,11,308,4,0,0,0,0,0,243.52
ACC,PITTSBURGH,QB2,Holden Geriner,28,44,337,3,1,41,0,0,0,0,0,0,31.58
ACC,PITTSBURGH,RB1,Ja'Kyrian Turner,0,0,0,0,0,982,9,18,148,1,0,0,188
ACC,PITTSBURGH,RB2,La'Vell Wright,0,0,0,0,0,642,6,12,94,1,0,0,136.6
ACC,PITTSBURGH,RB3,Damon Ferguson Jr.,0,0,0,0,0,274,2,7,58,0,0,0,59.2
ACC,PITTSBURGH,WR1,Malik Knight,0,0,0,0,0,18,0,61,887,7,0,0,191.5
ACC,PITTSBURGH,WR2,Cataurus Hicks,0,0,0,0,0,12,0,46,674,5,0,0,145.6
ACC,PITTSBURGH,WR3,Bryce Yates,0,0,0,0,0,9,0,34,492,4,0,0,107.1
ACC,PITTSBURGH,WR4,Tony Kinsler,0,0,0,0,0,11,0,21,286,2,0,0,62.7
ACC,PITTSBURGH,TE1,Carson Kent,0,0,0,0,0,0,0,33,401,4,0,0,97.1
ACC,PITTSBURGH,TE2,Elijah Lagg,0,0,0,0,0,0,0,16,193,1,0,0,41.3
ACC,PITTSBURGH,K,Sam Hunsaker,0,0,0,0,0,0,0,0,0,0,17,49,100
ACC,SMU,QB1,Kevin Jennings,271,401,3488,31,9,462,7,0,0,0,0,0,356.72
ACC,SMU,QB2,Ty Hawkins,31,47,396,3,1,74,1,0,0,0,0,0,46.24
ACC,SMU,RB1,Kendrick Raphael,0,0,0,0,0,1094,10,24,208,2,0,0,275.2
ACC,SMU,RB2,Derrick McFall,0,0,0,0,0,648,6,13,102,1,0,0,144
ACC,SMU,RB3,Dramekco Green,0,0,0,0,0,296,3,7,61,0,0,0,67.7
ACC,SMU,WR1,Yamir Knight,0,0,0,0,0,22,0,73,1088,9,0,0,240
ACC,SMU,WR2,Yannick Smith,0,0,0,0,0,31,1,57,836,6,0,0,223.7
ACC,SMU,WR3,Jalen Cooper,0,0,0,0,0,14,0,41,592,4,0,0,125.2
ACC,SMU,WR4,Carterrious Brown,0,0,0,0,0,12,0,24,337,2,0,0,72.9
ACC,SMU,TE1,Theo Melin Ohrstrom,0,0,0,0,0,0,0,36,448,5,0,0,110.8
ACC,SMU,TE2,Randy Pittman Jr.,0,0,0,0,0,0,0,19,241,2,0,0,55.1
ACC,SMU,K,Nick Reed,0,0,0,0,0,0,0,0,0,0,21,73,136
ACC,STANFORD,QB1,Davis Warren,233,364,2841,21,11,148,3,0,0,0,0,0,236.74
ACC,STANFORD,QB2,Dylan Rizk,29,46,372,3,1,51,1,0,0,0,0,0,42.98
ACC,STANFORD,RB1,Micah Ford,0,0,0,0,0,1038,9,19,164,1,0,0,195.2
ACC,STANFORD,RB2,Sedrick Irvin,0,0,0,0,0,612,5,14,118,1,0,0,129
ACC,STANFORD,RB3,Tuna Altahir,0,0,0,0,0,281,2,8,66,0,0,0,54.7
ACC,STANFORD,WR1,Carter Shaw,0,0,0,0,0,16,0,62,902,7,0,0,194.2
ACC,STANFORD,WR2,JonAnthony Hall,0,0,0,0,0,18,0,48,694,5,0,0,148.2
ACC,STANFORD,WR3,Nico Brown,0,0,0,0,0,11,0,37,516,4,0,0,113.7
ACC,STANFORD,WR4,Caden High,0,0,0,0,0,9,0,24,328,2,0,0,70.7
ACC,STANFORD,TE1,Benji Blackburn,0,0,0,0,0,0,0,33,402,4,0,0,97.2
ACC,STANFORD,TE2,Chico Holt,0,0,0,0,0,0,0,17,211,2,0,0,50.1
ACC,STANFORD,K,Emmet Kenney,0,0,0,0,0,0,0,0,0,0,18,51,105
ACC,SYRACUSE,QB1,Steve Angeli,266,398,3426,29,10,102,2,0,0,0,0,0,255.24
ACC,SYRACUSE,QB2,Amari Odom,33,51,428,4,1,136,1,0,0,0,0,0,50.72
ACC,SYRACUSE,RB1,Ahmad Miller,0,0,0,0,0,948,8,22,176,1,0,0,188.4
ACC,SYRACUSE,RB2,Ju'Juan Johnson,0,0,0,0,0,634,6,17,149,1,0,0,142.3
ACC,SYRACUSE,RB3,Tylik Hill,0,0,0,0,0,318,3,8,63,0,0,0,64.1
ACC,SYRACUSE,WR1,Cole Weaver,0,0,0,0,0,15,0,56,790,5,0,0,166.5
ACC,SYRACUSE,WR2,Zamondre Merriweather,0,0,0,0,0,14,0,56,824,6,0,0,176.4
ACC,SYRACUSE,WR3,Darien Williams,0,0,0,0,0,12,0,41,586,4,0,0,123.8
ACC,SYRACUSE,WR4,Bryan Wilder,0,0,0,0,0,10,0,14,180,1,0,0,39
ACC,SYRACUSE,TE1,David Clement,0,0,0,0,0,0,0,33,404,4,0,0,97.4
ACC,SYRACUSE,TE2,Noah Meyers,0,0,0,0,0,0,0,24,285,2,0,0,64.5
ACC,SYRACUSE,K,Tripp Woody,0,0,0,0,0,0,0,0,0,0,21,64,127
ACC,VIRGINIA,QB1,Beau Pribula,208,324,2472,18,9,768,12,0,0,0,0,0,332.68
ACC,VIRGINIA,QB2,Eli Holstein,47,74,638,5,2,126,1,0,0,0,0,0,69.12
ACC,VIRGINIA,RB1,Peyton Lewis,0,0,0,0,0,1048,9,24,206,2,0,0,239.4
ACC,VIRGINIA,RB2,Jekail Middlebrook,0,0,0,0,0,842,8,18,152,1,0,0,204.4
ACC,VIRGINIA,RB3,Solomon Beebe,0,0,0,0,0,314,3,8,64,0,0,0,63.8
ACC,VIRGINIA,WR1,Jacquon Gibson,0,0,0,0,0,18,0,66,982,8,0,0,212.2
ACC,VIRGINIA,WR2,Rico Flores Jr.,0,0,0,0,0,12,0,61,894,7,0,0,191.6
ACC,VIRGINIA,WR3,Kameron Courtney,0,0,0,0,0,11,0,35,508,4,0,0,117.9
ACC,VIRGINIA,WR4,Dillon Newton-Short,0,0,0,0,0,8,0,22,314,2,0,0,66.2
ACC,VIRGINIA,TE1,Dakota Twitty,0,0,0,0,0,0,0,31,378,4,0,0,92.8
ACC,VIRGINIA,TE2,John Rogers,0,0,0,0,0,0,0,16,206,2,0,0,48.6
ACC,VIRGINIA,K,Will Bettridge,0,0,0,0,0,0,0,0,0,0,19,57,114
ACC,VIRGINIA TECH,QB1,Ethan Grunkemeyer,228,347,2716,20,11,436,6,0,0,0,0,0,278.24
ACC,VIRGINIA TECH,QB2,Bryce Baker,34,52,431,3,1,82,1,0,0,0,0,0,50.44
ACC,VIRGINIA TECH,RB1,Marcellous Hawkins,0,0,0,0,0,1034,9,19,161,1,0,0,209.5
ACC,VIRGINIA TECH,RB2,Bill Davis,0,0,0,0,0,712,7,14,116,1,0,0,167.8
ACC,VIRGINIA TECH,RB3,Jeffrey Overton Jr.,0,0,0,0,0,248,2,6,47,0,0,0,53.5
ACC,VIRGINIA TECH,WR1,Que'Sean Brown,0,0,0,0,0,14,0,61,842,6,0,0,181.6
ACC,VIRGINIA TECH,WR2,Ayden Greene,0,0,0,0,0,11,0,49,718,5,0,0,151.9
ACC,VIRGINIA TECH,WR3,Marlion Jackson,0,0,0,0,0,9,0,34,496,4,0,0,108.5
ACC,VIRGINIA TECH,WR4,"Keylen ""Brodie"" Adams",0,0,0,0,0,13,0,22,301,2,0,0,67.4
ACC,VIRGINIA TECH,TE1,Benji Gosnell,0,0,0,0,0,0,0,36,437,4,0,0,103.7
ACC,VIRGINIA TECH,TE2,Luke Reynolds,0,0,0,0,0,0,0,17,214,2,0,0,50.4
ACC,VIRGINIA TECH,K,John Love,0,0,0,0,0,0,0,0,0,0,20,56,116
ACC,WAKE FOREST,QB1,Gio Lopez,241,362,2948,23,9,614,8,0,0,0,0,0,333.32
ACC,WAKE FOREST,QB2,Steele Pizzella,29,44,358,3,1,67,1,0,0,0,0,0,43.02
ACC,WAKE FOREST,RB1,Ty Clark III,0,0,0,0,0,986,9,21,176,1,0,0,196.2
ACC,WAKE FOREST,RB2,KD Daniels,0,0,0,0,0,648,6,15,128,1,0,0,147.6
ACC,WAKE FOREST,RB3,Sawyer Seidl,0,0,0,0,0,271,2,7,59,0,0,0,60
ACC,WAKE FOREST,WR1,Carlos Hernandez,0,0,0,0,0,16,0,64,914,7,0,0,198
ACC,WAKE FOREST,WR2,Antonio Meeks,0,0,0,0,0,13,0,52,736,5,0,0,156.9
ACC,WAKE FOREST,WR3,Kam Shanks,0,0,0,0,0,11,0,37,518,4,0,0,119.9
ACC,WAKE FOREST,WR4,Ny Carr,0,0,0,0,0,12,0,24,347,3,0,0,77.9
ACC,WAKE FOREST,TE1,Kamrean Johnson,0,0,0,0,0,0,0,34,396,4,0,0,97.6
ACC,WAKE FOREST,TE2,Landon Morris,0,0,0,0,0,0,0,18,223,2,0,0,52.3
ACC,WAKE FOREST,K,Connor Calvert,0,0,0,0,0,0,0,0,0,0,18,49,103
SEC,ALABAMA,QB1,Keelon Russell,236,356,3078,26,10,428,6,0,0,0,0,0,318.9
SEC,ALABAMA,QB2,Austin Mack,36,52,462,4,1,38,1,0,0,0,0,0,50.28
SEC,ALABAMA,RB1,Daniel Hill,0,0,0,0,0,1098,11,24,214,2,0,0,276.2
SEC,ALABAMA,RB2,Kevin Riley,0,0,0,0,0,742,7,16,148,1,0,0,191
SEC,ALABAMA,RB3,AK Dear,0,0,0,0,0,388,4,10,86,1,0,0,101.4
SEC,ALABAMA,WRX,Noah Rogers,0,0,0,0,0,12,0,58,864,7,0,0,187.6
SEC,ALABAMA,WRZ,Ryan Coleman-Williams,0,0,0,0,0,26,1,73,1138,10,0,0,252.4
SEC,ALABAMA,WRF,Lotzeir Brooks,0,0,0,0,0,41,1,67,918,7,0,0,210.7
SEC,ALABAMA,WR4,Cederian Morgan,0,0,0,0,0,9,0,39,612,5,0,0,131.1
SEC,ALABAMA,TE1,Kaleb Edwards,0,0,0,0,0,0,0,34,446,5,0,0,108.6
SEC,ALABAMA,TE2,Jay Lindsey,0,0,0,0,0,0,0,17,228,2,0,0,51.8
SEC,ALABAMA,K,Conor Talty,0,0,0,0,0,0,0,0,0,0,22,71,137
SEC,ARKANSAS,QB1,KJ Jackson,224,341,2768,22,10,682,10,0,0,0,0,0,353.92
SEC,ARKANSAS,QB2,AJ Hill,31,49,398,3,1,76,1,0,0,0,0,0,45.52
SEC,ARKANSAS,RB1,Braylen Russell,0,0,0,0,0,1012,9,19,162,1,0,0,208.4
SEC,ARKANSAS,RB2,Jasper Parker,0,0,0,0,0,684,6,16,138,1,0,0,155.2
SEC,ARKANSAS,RB3,Sutton Smith,0,0,0,0,0,342,3,10,82,1,0,0,88.4
SEC,ARKANSAS,WRX,Donovan Faupel,0,0,0,0,0,11,0,49,716,5,0,0,151.7
SEC,ARKANSAS,WRZ,Chris Marshall,0,0,0,0,0,24,0,49,842,6,0,0,169.6
SEC,ARKANSAS,WRF,Jamari Hawkins,0,0,0,0,0,41,1,46,715,4,0,0,144.6
SEC,ARKANSAS,WR4,Jalen Brown,0,0,0,0,0,9,0,28,441,3,0,0,94
SEC,ARKANSAS,TE1,Jaden Platt,0,0,0,0,0,0,0,38,514,5,0,0,119.4
SEC,ARKANSAS,TE2,Ty Lockwood,0,0,0,0,0,0,0,17,226,2,0,0,51.6
SEC,ARKANSAS,K,Max Gilbert,0,0,0,0,0,0,0,0,0,0,22,61,127
SEC,AUBURN,QB1,Byrum Brown,238,361,2916,24,9,756,10,0,0,0,0,0,367.24
SEC,AUBURN,QB2,Tristan Ti'a,27,42,338,3,1,84,1,0,0,0,0,0,43.92
SEC,AUBURN,RB1,Jeremiah Cobb,0,0,0,0,0,986,9,20,168,1,0,0,204.4
SEC,AUBURN,RB2,Bryson Washington,0,0,0,0,0,768,7,18,151,1,0,0,182.9
SEC,AUBURN,RB3,Nykahi Davenport,0,0,0,0,0,401,4,10,84,1,0,0,92.5
SEC,AUBURN,WRX,Jeremiah Koger,0,0,0,0,0,13,0,44,671,5,0,0,143.4
SEC,AUBURN,WRZ,Keshaun Singleton,0,0,0,0,0,34,1,61,948,7,0,0,210.2
SEC,AUBURN,WRF,Chas Nimrod,0,0,0,0,0,21,0,53,758,5,0,0,160.9
SEC,AUBURN,WR4,Brian Williams Jr.,0,0,0,0,0,12,0,29,436,3,0,0,92.8
SEC,AUBURN,TE1,Jonathan Echols,0,0,0,0,0,0,0,37,462,5,0,0,113.2
SEC,AUBURN,TE2,Jake Johnson,0,0,0,0,0,0,0,21,276,2,0,0,60.6
SEC,AUBURN,K,Alex McPherson,0,0,0,0,0,0,0,0,0,0,23,63,132
SEC,FLORIDA,QB1,Aaron Philo,241,366,3028,24,10,268,4,0,0,0,0,0,274.92
SEC,FLORIDA,QB2,Tramell Jones Jr.,42,63,548,5,2,154,2,0,0,0,0,0,76.32
SEC,FLORIDA,RB1,Jadan Baugh,0,0,0,0,0,1286,13,24,214,2,0,0,302
SEC,FLORIDA,RB2,Evan Pryor,0,0,0,0,0,592,5,22,224,1,0,0,153.6
SEC,FLORIDA,RB3,London Montgomery,0,0,0,0,0,314,3,9,81,1,0,0,83.5
SEC,FLORIDA,WRX,Dallas Wilson,0,0,0,0,0,11,0,38,590,6,0,0,134.1
SEC,FLORIDA,WRZ,Eric Singleton Jr.,0,0,0,0,0,42,1,54,740,5,0,0,172.2
SEC,FLORIDA,WRF,Vernell Brown III,0,0,0,0,0,24,0,78,985,7,0,0,219.9
SEC,FLORIDA,WR4,TJ Abrams,0,0,0,0,0,9,0,24,362,2,0,0,72.1
SEC,FLORIDA,TE1,Luke Harpring,0,0,0,0,0,0,0,33,421,4,0,0,99.1
SEC,FLORIDA,TE2,Amir Jackson,0,0,0,0,0,0,0,17,236,2,0,0,52.6
SEC,FLORIDA,K,Patrick Durkin,0,0,0,0,0,0,0,0,0,0,21,64,127
SEC,GEORGIA,QB1,Gunner Stockton,246,364,3186,27,8,238,4,0,0,0,0,0,292.04
SEC,GEORGIA,QB2,Ryan Puglisi,37,56,484,4,1,71,1,0,0,0,0,0,52.46
SEC,GEORGIA,RB1,Nate Frazier,0,0,0,0,0,1248,13,18,164,1,0,0,295.2
SEC,GEORGIA,RB2,Chauncey Bowens,0,0,0,0,0,684,6,15,136,1,0,0,154
SEC,GEORGIA,RB3,Dante Dowdell,0,0,0,0,0,512,7,9,74,0,0,0,110.6
SEC,GEORGIA,WRX,Isiah Canion,0,0,0,0,0,18,0,64,895,8,0,0,201.3
SEC,GEORGIA,WRZ,London Humphreys,0,0,0,0,0,14,0,48,710,5,0,0,149.4
SEC,GEORGIA,WRF,Sacovie White-Helton,0,0,0,0,0,27,0,38,465,4,0,0,109.2
SEC,GEORGIA,WR4,CJ Wiley,0,0,0,0,0,11,0,34,518,4,0,0,111.9
SEC,GEORGIA,TE1,Lawson Luckie,0,0,0,0,0,0,0,39,514,5,0,0,120.4
SEC,GEORGIA,TE2,Jaden Reddell,0,0,0,0,0,0,0,18,236,2,0,0,53.6
SEC,GEORGIA,K,Peyton Woodring,0,0,0,0,0,0,0,0,0,0,24,72,144
SEC,KENTUCKY,QB1,Kenny Minchey,232,351,2876,23,9,286,3,0,0,0,0,0,268.64
SEC,KENTUCKY,QB2,Matt Ponatoski,41,63,516,4,2,54,1,0,0,0,0,0,49.04
SEC,KENTUCKY,RB1,CJ Baxter,0,0,0,0,0,860,8,19,172,1,0,0,192.2
SEC,KENTUCKY,RB2,Jovantae Barnes,0,0,0,0,0,784,7,18,146,1,0,0,182
SEC,KENTUCKY,RB3,Jason Patterson,0,0,0,0,0,428,4,12,96,1,0,0,101.4
SEC,KENTUCKY,WRX,DJ Miller,0,0,0,0,0,21,0,63,918,7,0,0,198.9
SEC,KENTUCKY,WRZ,Nic Anderson,0,0,0,0,0,24,1,54,842,7,0,0,183.6
SEC,KENTUCKY,WRF,Shane Carr,0,0,0,0,0,36,1,58,786,5,0,0,177.2
SEC,KENTUCKY,WR4,Hardley Gilmore IV,0,0,0,0,0,11,0,29,432,3,0,0,91.3
SEC,KENTUCKY,TE1,Willie Rodriguez,0,0,0,0,0,0,0,36,441,4,0,0,102.1
SEC,KENTUCKY,TE2,Henry Boyer,0,0,0,0,0,0,0,18,224,2,0,0,52.4
SEC,KENTUCKY,K,Jacob Kauwe,0,0,0,0,0,0,0,0,0,0,21,58,121
SEC,LSU,QB1,Sam Leavitt,268,391,3478,31,9,428,6,0,0,0,0,0,360.92
SEC,LSU,QB2,Landen Clark,26,41,336,3,1,58,1,0,0,0,0,0,40.24
SEC,LSU,RB1,Harlem Berry,0,0,0,0,0,1084,11,31,286,3,0,0,285
SEC,LSU,RB2,Caden Durham,0,0,0,0,0,824,8,22,194,2,0,0,221.8
SEC,LSU,RB3,Dilin Jones,0,0,0,0,0,336,3,10,88,1,0,0,89.4
SEC,LSU,WRX,Jayce Brown,0,0,0,0,0,18,0,66,1018,8,0,0,215.6
SEC,LSU,WRZ,Jackson Harris,0,0,0,0,0,14,0,47,694,5,0,0,146.8
SEC,LSU,WRF,Winston Watkins Jr.,0,0,0,0,0,39,1,71,924,7,0,0,225.3
SEC,LSU,WR4,Malik Elzy,0,0,0,0,0,11,0,32,471,4,0,0,103.2
SEC,LSU,TE1,Trey'Dez Green,0,0,0,0,0,0,0,42,588,7,0,0,143.8
SEC,LSU,TE2,Malachi Thomas,0,0,0,0,0,0,0,16,214,2,0,0,49.4
SEC,LSU,K,Scott Starzyk,0,0,0,0,0,0,0,0,0,0,23,69,138
SEC,OLE MISS,QB1,Trinidad Chambliss,269,387,3542,32,8,648,7,0,0,0,0,0,412.5
SEC,OLE MISS,QB2,Deuce Knight,34,52,472,4,2,286,4,0,0,0,0,0,83.5
SEC,OLE MISS,RB1,Kewan Lacy,0,0,0,0,0,1428,14,28,244,2,0,0,322.2
SEC,OLE MISS,RB2,Makhi Frazier,0,0,0,0,0,516,5,15,132,1,0,0,129.8
SEC,OLE MISS,RB3,Joshua Dye,0,0,0,0,0,248,2,8,71,0,0,0,56.9
SEC,OLE MISS,WRX,Deuce Alexander,0,0,0,0,0,18,0,63,948,7,0,0,201.6
SEC,OLE MISS,WRZ,Darrell Gill Jr.,0,0,0,0,0,22,1,54,786,6,0,0,177.8
SEC,OLE MISS,WRF,Johntay Cook II,0,0,0,0,0,51,1,71,982,8,0,0,239.3
SEC,OLE MISS,WR4,Cameron Miller,0,0,0,0,0,12,0,31,448,3,0,0,95
SEC,OLE MISS,TE1,Luke Hasz,0,0,0,0,0,0,0,46,612,7,0,0,149.2
SEC,OLE MISS,TE2,Brady Prieskorn,0,0,0,0,0,0,0,22,287,3,0,0,69.7
SEC,OLE MISS,K,Lucas Carneiro,0,0,0,0,0,0,0,0,0,0,24,68,140
SEC,MISSISSIPPI STATE,QB1,KaMario Taylor,239,361,3028,24,10,724,9,0,0,0,0,0,372.52
SEC,MISSISSIPPI STATE,QB2,AJ Swann,38,61,496,4,2,36,0,0,0,0,0,0,35.44
SEC,MISSISSIPPI STATE,RB1,Fluff Bothwell,0,0,0,0,0,1098,11,24,201,2,0,0,272.9
SEC,MISSISSIPPI STATE,RB2,Xavier Gayten,0,0,0,0,0,512,4,15,126,1,0,0,129.8
SEC,MISSISSIPPI STATE,RB3,Kolin Wilson,0,0,0,0,0,244,2,7,58,0,0,0,54.2
SEC,MISSISSIPPI STATE,WRX,Marquis Johnson,0,0,0,0,0,18,0,64,948,7,0,0,200.6
SEC,MISSISSIPPI STATE,WRZ,Ayden Williams,0,0,0,0,0,16,0,53,801,6,0,0,169.7
SEC,MISSISSIPPI STATE,WRF,Anthony Evans III,0,0,0,0,0,56,1,71,924,7,0,0,232
SEC,MISSISSIPPI STATE,WR4,Zion Ragins,0,0,0,0,0,34,1,36,526,4,0,0,120
SEC,MISSISSIPPI STATE,TE1,Sam West,0,0,0,0,0,0,0,39,482,5,0,0,117.2
SEC,MISSISSIPPI STATE,TE2,Riley Williams,0,0,0,0,0,0,0,19,248,2,0,0,55.8
SEC,MISSISSIPPI STATE,K,Kyle Ferrie,0,0,0,0,0,0,0,0,0,0,21,61,124
SEC,MISSOURI,QB1,Austin Simmons,257,381,3362,29,9,348,5,0,0,0,0,0,336.28
SEC,MISSOURI,QB2,Nick Evers,29,45,376,3,1,82,1,0,0,0,0,0,46.24
SEC,MISSOURI,RB1,Ahmad Hardy,0,0,0,0,0,1536,16,25,208,1,0,0,347.4
SEC,MISSOURI,RB2,Jamal Roberts,0,0,0,0,0,522,4,14,116,1,0,0,122.8
SEC,MISSOURI,RB3,Xai'Shaun Edwards,0,0,0,0,0,236,2,7,61,0,0,0,51.7
SEC,MISSOURI,WRX,Donovan Olugbode,0,0,0,0,0,18,0,52,782,6,0,0,167.4
SEC,MISSOURI,WRZ,Caleb Goodie,0,0,0,0,0,14,0,46,694,5,0,0,145.8
SEC,MISSOURI,WRF,Cayden Lee,0,0,0,0,0,36,1,74,968,8,0,0,243.2
SEC,MISSOURI,WR4,Kenric Lanier II,0,0,0,0,0,12,0,29,418,3,0,0,89
SEC,MISSOURI,TE1,Brett Norfleet,0,0,0,0,0,0,0,41,536,5,0,0,124.6
SEC,MISSOURI,TE2,Jordon Harris,0,0,0,0,0,0,0,17,228,2,0,0,51.8
SEC,MISSOURI,K,Blake Craig,0,0,0,0,0,0,0,0,0,0,22,66,132
SEC,OKLAHOMA,QB1,John Mateer,238,354,2942,24,10,516,5,0,0,0,0,0,307.28
SEC,OKLAHOMA,QB2,Whitt Newbauer,24,38,318,3,1,72,1,0,0,0,0,0,41.92
SEC,OKLAHOMA,RB1,Xavier Robinson,0,0,0,0,0,1146,11,20,174,2,0,0,267
SEC,OKLAHOMA,RB2,Tory Blaylock,0,0,0,0,0,682,6,16,141,1,0,0,154.3
SEC,OKLAHOMA,RB3,Lloyd Avant,0,0,0,0,0,314,3,9,76,0,0,0,66
SEC,OKLAHOMA,WRX,Trell Harris,0,0,0,0,0,18,0,61,928,7,0,0,198.8
SEC,OKLAHOMA,WRZ,Parker Livingstone,0,0,0,0,0,13,0,44,676,5,0,0,142.9
SEC,OKLAHOMA,WRF,Isaiah Sategna III,0,0,0,0,0,84,1,72,1016,8,0,0,248
SEC,OKLAHOMA,WR4,Jer'Michael Carter,0,0,0,0,0,11,0,32,462,4,0,0,102.3
SEC,OKLAHOMA,TE1,Hayden Hansen,0,0,0,0,0,0,0,39,514,5,0,0,120.4
SEC,OKLAHOMA,TE2,Rocky Beers,0,0,0,0,0,0,0,22,255,4,0,0,71.5
SEC,SOUTH CAROLINA,QB1,LaNorris Sellers,236,354,2926,24,8,304,5,0,0,0,0,0,257.44
SEC,SOUTH CAROLINA,QB2,Cutter Woods,28,43,364,3,1,84,1,0,0,0,0,0,45.96
SEC,SOUTH CAROLINA,RB1,Matt Fuller,0,0,0,0,0,924,8,22,194,2,0,0,223.8
SEC,SOUTH CAROLINA,RB2,Jawarn Howell,0,0,0,0,0,712,7,16,138,1,0,0,171
SEC,SOUTH CAROLINA,RB3,Christian Clark,0,0,0,0,0,348,3,10,84,0,0,0,70.2
SEC,SOUTH CAROLINA,WRX,Nitro Tuggle,0,0,0,0,0,18,0,58,876,7,0,0,190.4
SEC,SOUTH CAROLINA,WRZ,Nyck Harbor,0,0,0,0,0,44,1,63,1028,9,0,0,239.2
SEC,SOUTH CAROLINA,WRF,Jayden Sellers,0,0,0,0,0,36,1,67,842,6,0,0,203.8
SEC,SOUTH CAROLINA,WR4,Jayden Gibson,0,0,0,0,0,11,0,31,474,4,0,0,104.5
SEC,SOUTH CAROLINA,TE1,Brady Hunt,0,0,0,0,0,0,0,38,486,5,0,0,117.6
SEC,SOUTH CAROLINA,TE2,Max Drag,0,0,0,0,0,0,0,16,212,2,0,0,48.2
SEC,SOUTH CAROLINA,K,Upton Bellenfant,0,0,0,0,0,0,0,0,0,0,23,71,140
SEC,TENNESSEE,QB1,George MacIntyre,236,358,3018,25,10,428,5,0,0,0,0,0,312.52
SEC,TENNESSEE,QB2,Faizon Brandon,34,51,448,4,1,122,2,0,0,0,0,0,61.12
SEC,TENNESSEE,RB1,DeSean Bishop,0,0,0,0,0,1186,12,20,166,1,0,0,267.2
SEC,TENNESSEE,RB2,Daune Morris,0,0,0,0,0,612,5,14,122,1,0,0,142.4
SEC,TENNESSEE,RB3,Javin Gordon,0,0,0,0,0,318,3,8,68,0,0,0,64.6
SEC,TENNESSEE,WRX,Mike Matthews,0,0,0,0,0,24,0,67,1048,9,0,0,228.2
SEC,TENNESSEE,WRZ,Radarious Jackson,0,0,0,0,0,16,0,44,672,5,0,0,141.2
SEC,TENNESSEE,WRF,Braylon Staley,0,0,0,0,0,38,1,58,782,6,0,0,182.4
SEC,TENNESSEE,WR4,TK Keys,0,0,0,0,0,22,1,46,714,6,0,0,170.6
SEC,TENNESSEE,TE1,Ethan Davis,0,0,0,0,0,0,0,41,548,6,0,0,131.8
SEC,TENNESSEE,TE2,DaSaahn Brame,0,0,0,0,0,0,0,18,244,2,0,0,54.4
SEC,TENNESSEE,K,Cooper Ranvier,0,0,0,0,0,0,0,0,0,0,22,64,130
SEC,TEXAS,QB1,Arch Manning,276,401,3628,34,8,564,8,0,0,0,0,0,408.52
SEC,TEXAS,QB2,Karle Lacey Jr.,21,33,286,2,1,64,1,0,0,0,0,0,34.84
SEC,TEXAS,RB1,Hollywood Smothers,0,0,0,0,0,1018,10,31,286,3,0,0,281.4
SEC,TEXAS,RB2,Raleek Brown,0,0,0,0,0,924,8,36,348,3,0,0,273.2
SEC,TEXAS,RB3,James Simon,0,0,0,0,0,248,2,7,62,0,0,0,52
SEC,TEXAS,WRX,Cam Coleman,0,0,0,0,0,24,1,71,1114,10,0,0,251.8
SEC,TEXAS,WRZ,Ryan Wingo,0,0,0,0,0,31,1,61,908,7,0,0,209.9
SEC,TEXAS,WRF,Emmett Mosley V,0,0,0,0,0,34,1,61,812,6,0,0,193.6
SEC,TEXAS,WR4,Sterling Berkhalter,0,0,0,0,0,12,0,29,441,3,0,0,93.3
SEC,TEXAS,TE1,Nick Townsend,0,0,0,0,0,0,0,42,564,6,0,0,135.4
SEC,TEXAS,TE2,Michael Masunas,0,0,0,0,0,0,0,18,236,2,0,0,53.6
SEC,TEXAS,K,Gianni Spetic,0,0,0,0,0,0,0,0,0,0,24,74,146
SEC,TEXAS A&M,QB1,Marcel Reed,236,352,2968,24,9,724,10,0,0,0,0,0,392.1
SEC,TEXAS A&M,QB2,Brady Hart,27,42,344,3,1,78,1,0,0,0,0,0,43.6
SEC,TEXAS A&M,RB1,Rueben Owens II,0,0,0,0,0,1138,11,26,214,2,0,0,276.2
SEC,TEXAS A&M,RB2,Jamarion Morrow,0,0,0,0,0,648,6,18,156,1,0,0,161.4
SEC,TEXAS A&M,RB3,KJ Edwards,0,0,0,0,0,314,3,9,74,0,0,0,65.8
SEC,TEXAS A&M,WRX,Isaiah Horton,0,0,0,0,0,18,0,66,1042,8,0,0,218
SEC,TEXAS A&M,WRZ,Ashton Bethel-Roman,0,0,0,0,0,16,0,48,714,5,0,0,149
SEC,TEXAS A&M,WRF,Mario Craver,0,0,0,0,0,52,1,71,958,8,0,0,241
SEC,TEXAS A&M,WR4,Aaron Gregory,0,0,0,0,0,11,0,29,428,3,0,0,89.9
SEC,TEXAS A&M,TE1,Houston Thomas,0,0,0,0,0,0,0,37,472,5,0,0,114.2
SEC,TEXAS A&M,TE2,Richie Anderson,0,0,0,0,0,0,0,18,238,2,0,0,53.8
SEC,TEXAS A&M,K,David Olano,0,0,0,0,0,0,0,0,0,0,22,68,134
SEC,VANDERBILT,QB1,Jared Curtis,228,349,2846,22,10,462,5,0,0,0,0,0,308.4
SEC,VANDERBILT,QB2,Blaze Berlowitz,31,49,402,3,2,84,1,0,0,0,0,0,46.5
SEC,VANDERBILT,RB1,Sedrick Alexander,0,0,0,0,0,1014,10,21,182,1,0,0,240.6
SEC,VANDERBILT,RB2,Makhilyn Young,0,0,0,0,0,612,5,16,138,1,0,0,145
SEC,VANDERBILT,RB3,Evan Hampton,0,0,0,0,0,286,2,8,66,0,0,0,58.2
SEC,VANDERBILT,WRX,Ja'Cory Thomas,0,0,0,0,0,18,0,63,918,7,0,0,198
SEC,VANDERBILT,WRZ,Junior Sherrill,0,0,0,0,0,26,1,54,768,6,0,0,177.4
SEC,VANDERBILT,WRF,Cole Adams,0,0,0,0,0,41,1,67,842,6,0,0,205.3
SEC,VANDERBILT,WR4,Tristen Brown,0,0,0,0,0,12,0,28,406,3,0,0,85.8
SEC,VANDERBILT,TE1,Cole Spence,0,0,0,0,0,0,0,34,438,4,0,0,101.8
SEC,VANDERBILT,TE2,Jayvontay Conner,0,0,0,0,0,0,0,16,208,2,0,0,48.8
SEC,VANDERBILT,K,Brock Taylor,0,0,0,0,0,0,0,0,0,0,20,56,116
Big12,ARIZONA,QB1,Noah Fifita,271,392,3368,29,10,148,3,0,0,0,0,0,293.5
Big12,ARIZONA,QB2,Sawyer Anderson,26,41,334,3,1,42,0,0,0,0,0,0,31.6
Big12,ARIZONA,RB1,Kedrick Reescano,0,0,0,0,0,1182,11,24,214,2,0,0,277.6
Big12,ARIZONA,RB2,Quincy Craig,0,0,0,0,0,586,5,15,128,1,0,0,138.4
Big12,ARIZONA,RB3,Antwan Roberts,0,0,0,0,0,302,3,9,74,0,0,0,64.6
Big12,ARIZONA,WRX,Tre Spivey,0,0,0,0,0,21,0,69,1084,9,0,0,233.8
Big12,ARIZONA,WRZ,Chris Hunter,0,0,0,0,0,18,0,52,746,5,0,0,156.4
Big12,ARIZONA,WRF,Giovanni Richardson,0,0,0,0,0,44,1,63,864,7,0,0,212.8
Big12,ARIZONA,WR4,DJ Jordan,0,0,0,0,0,11,0,31,448,3,0,0,95.9
Big12,ARIZONA,TE1,Cole Rusk,0,0,0,0,0,0,0,38,496,5,0,0,118.6
Big12,ARIZONA,TE2,Tyler Powell,0,0,0,0,0,0,0,17,226,2,0,0,51.6
Big12,ARIZONA,K,Michael Salgado-Medina,0,0,0,0,0,0,0,0,0,0,21,63,126
Big12,ARIZONA STATE,QB1,Cutter Boley,241,364,3068,23,12,158,2,0,0,0,0,0,266.5
Big12,ARIZONA STATE,QB2,Mikey Keene,38,57,472,4,2,22,0,0,0,0,0,0,42.1
Big12,ARIZONA STATE,RB1,Kyson Brown,0,0,0,0,0,924,8,23,186,2,0,0,219
Big12,ARIZONA STATE,RB2,Demarius Robinson,0,0,0,0,0,712,7,18,154,1,0,0,177.6
Big12,ARIZONA STATE,RB3,Jason Brown Jr.,0,0,0,0,0,332,3,9,76,0,0,0,71.2
Big12,ARIZONA STATE,WRX,Reed Harris,0,0,0,0,0,18,0,67,978,8,0,0,213.8
Big12,ARIZONA STATE,WRZ,Omarion Miller,0,0,0,0,0,39,1,59,882,7,0,0,206.1
Big12,ARIZONA STATE,WRF,Raiden Vines-Bright,0,0,0,0,0,28,1,56,684,5,0,0,155.2
Big12,ARIZONA STATE,WR4,Jalen Moss,0,0,0,0,0,13,0,34,452,4,0,0,100.1
Big12,ARIZONA STATE,TE1,Khamari Anderson,0,0,0,0,0,0,0,36,432,5,0,0,106.6
Big12,ARIZONA STATE,TE2,AJ Ia,0,0,0,0,0,0,0,17,186,2,0,0,44.4
Big12,ARIZONA STATE,K,Carson Smith,0,0,0,0,0,0,0,0,0,0,22,66,132
Big12,BAYLOR,QB1,DJ Lagway,239,361,3012,24,13,584,8,0,0,0,0,0,331.9
Big12,BAYLOR,QB2,Nate Bennett,29,45,378,3,1,66,1,0,0,0,0,0,45.7
Big12,BAYLOR,RB1,Dawson Pendergrass,0,0,0,0,0,1038,10,24,202,2,0,0,253
Big12,BAYLOR,RB2,Caden Knighten,0,0,0,0,0,628,6,17,146,1,0,0,153.4
Big12,BAYLOR,RB3,Michael Turner,0,0,0,0,0,296,3,8,72,0,0,0,63.8
Big12,BAYLOR,WRX,Louis Brown IV,0,0,0,0,0,21,0,66,948,7,0,0,201.5
Big12,BAYLOR,WRZ,Dre'lon Miller,0,0,0,0,0,33,1,58,846,6,0,0,192.5
Big12,BAYLOR,WRF,Gavin Freeman,0,0,0,0,0,42,1,71,782,5,0,0,196.4
Big12,BAYLOR,WR4,Jadon Porter,0,0,0,0,0,14,0,34,448,3,0,0,93.4
Big12,BAYLOR,TE1,Tony Livingston,0,0,0,0,0,0,0,38,436,4,0,0,102.6
Big12,BAYLOR,TE2,Matthew Klopfenstein,0,0,0,0,0,0,0,17,198,1,0,0,41.8
Big12,BAYLOR,K,Rhett Armstrong,0,0,0,0,0,0,0,0,0,0,21,64,127
Big12,BYU,QB1,Bear Bachmeier,246,372,3148,25,11,386,5,0,0,0,0,0,314.5
Big12,BYU,QB2,Treyson Bourguet,34,52,446,4,2,44,0,0,0,0,0,0,39.2
Big12,BYU,RB1,LJ Martin,0,0,0,0,0,1368,14,28,246,2,0,0,327.4
Big12,BYU,RB2,Sione Moa,0,0,0,0,0,514,5,14,122,1,0,0,127.6
Big12,BYU,RB3,Jovesa Damuni,0,0,0,0,0,228,2,7,58,0,0,0,49.6
Big12,BYU,WRX,Kyler Kasper,0,0,0,0,0,18,0,63,876,7,0,0,187.2
Big12,BYU,WRZ,Jojo Phillips,0,0,0,0,0,28,1,58,812,6,0,0,184
Big12,BYU,WRF,Cody Hagen,0,0,0,0,0,34,1,63,728,5,0,0,174.6
Big12,BYU,WR4,Tiger Bachmeier,0,0,0,0,0,12,0,33,432,4,0,0,95.4
Big12,BYU,TE1,Walker Lyons,0,0,0,0,0,0,0,41,472,5,0,0,112
Big12,BYU,TE2,Roger Saleapaga II,0,0,0,0,0,0,0,18,190,2,0,0,44.2
Big12,BYU,K,Matthias Dunn,0,0,0,0,0,0,0,0,0,0,22,62,128
Big12,UCF,QB1,Alonza Barnett III,233,349,2924,24,11,742,11,0,0,0,0,0,392.4
Big12,UCF,QB2,Keyone Jenkins,31,47,404,3,2,126,2,0,0,0,0,0,57.8
Big12,UCF,RB1,Landen Chambers,0,0,0,0,0,986,9,23,176,2,0,0,230.6
Big12,UCF,RB2,Duke Watson,0,0,0,0,0,724,7,18,136,1,0,0,173.8
Big12,UCF,RB3,Taevion Swint,0,0,0,0,0,412,4,12,92,1,0,0,96.2
Big12,UCF,WRX,Jonathan Bibbs,0,0,0,0,0,21,0,64,862,7,0,0,187.1
Big12,UCF,WRZ,Waden Charles,0,0,0,0,0,24,1,50,694,5,0,0,158
Big12,UCF,WRF,Duane Thomas Jr.,0,0,0,0,0,34,1,55,668,5,0,0,157
Big12,UCF,WR4,Josh Derry,0,0,0,0,0,18,0,56,742,6,0,0,173
Big12,UCF,TE1,Dylan Wade,0,0,0,0,0,0,0,43,528,6,0,0,131.8
Big12,UCF,TE2,Grayson Brousseau,0,0,0,0,0,0,0,17,166,2,0,0,40.6
Big12,UCF,K,Will Stone,0,0,0,0,0,0,0,0,0,0,23,61,130
Big12,CINCINNATI,QB1,JC French IV,228,352,2874,22,11,486,6,0,0,0,0,0,312.6
Big12,CINCINNATI,QB2,Liam O'Brien,29,46,372,3,2,58,1,0,0,0,0,0,40.7
Big12,CINCINNATI,RB1,Zion Johnson,0,0,0,0,0,824,7,18,148,1,0,0,168.2
Big12,CINCINNATI,RB2,Zylan Perry,0,0,0,0,0,648,6,16,132,1,0,0,152
Big12,CINCINNATI,RB3,Gi'Bran Payne,0,0,0,0,0,318,3,8,66,0,0,0,64.4
Big12,CINCINNATI,WRX,JV Gibson,0,0,0,0,0,18,0,66,948,8,0,0,213.6
Big12,CINCINNATI,WRZ,Malachi Henry,0,0,0,0,0,24,1,54,736,6,0,0,176
Big12,CINCINNATI,WRF,Isaiah Johnson,0,0,0,0,0,36,1,61,804,6,0,0,194
Big12,CINCINNATI,WR4,Cade Wolford,0,0,0,0,0,12,0,33,458,4,0,0,101
Big12,CINCINNATI,TE1,Gavin Grover,0,0,0,0,0,0,0,39,462,5,0,0,113.2
Big12,CINCINNATI,TE2,Devyn Zahursky,0,0,0,0,0,0,0,17,196,2,0,0,45.6
Big12,CINCINNATI,K,Stephen Rusnak,0,0,0,0,0,0,0,0,0,0,21,58,121
Big12,COLORADO,QB1,Julian Lewis,261,404,3242,27,14,136,2,0,0,0,0,0,272.3
Big12,COLORADO,QB2,Isaac Wilson,36,58,462,4,2,74,1,0,0,0,0,0,50.9
Big12,COLORADO,RB1,Richard Young,0,0,0,0,0,846,7,19,154,1,0,0,172.2
Big12,COLORADO,RB2,Micah Welch,0,0,0,0,0,534,5,16,128,1,0,0,128.2
Big12,COLORADO,RB3,DeKalon Taylor,0,0,0,0,0,248,2,7,52,0,0,0,50.4
Big12,COLORADO,WRX,DeAndre Moore Jr.,0,0,0,0,0,18,0,68,972,8,0,0,211
Big12,COLORADO,WRZ,Joseph Williams,0,0,0,0,0,28,1,57,816,7,0,0,191.4
Big12,COLORADO,WRF,Danny Scudero,0,0,0,0,0,38,1,69,764,5,0,0,191.2
Big12,COLORADO,WR4,Ernest Campbell,0,0,0,0,0,21,0,39,558,4,0,0,123.9
Big12,COLORADO,TE1,Zach Atkins,0,0,0,0,0,0,0,36,404,4,0,0,100.4
Big12,COLORADO,TE2,Fisher Clements,0,0,0,0,0,0,0,15,166,2,0,0,39.6
Big12,COLORADO,K,Josh McCormick,0,0,0,0,0,0,0,0,0,0,22,63,129
Big12,HOUSTON,QB1,Conner Weigman,232,356,2968,22,12,184,3,0,0,0,0,0,252.1
Big12,HOUSTON,QB2,Keisean Henderson,41,63,564,5,3,212,3,0,0,0,0,0,88
Big12,HOUSTON,RB1,Makhi Hughes,0,0,0,0,0,1216,12,28,246,2,0,0,293.2
Big12,HOUSTON,RB2,Re'Shaun Sanford II,0,0,0,0,0,586,5,15,126,1,0,0,140.2
Big12,HOUSTON,RB3,DJ Butler,0,0,0,0,0,286,2,8,58,0,0,0,58.4
Big12,HOUSTON,WRX,Koby Young,0,0,0,0,0,16,0,63,924,7,0,0,198.8
Big12,HOUSTON,WRZ,Trent Walker,0,0,0,0,0,22,0,51,688,5,0,0,149
Big12,HOUSTON,WRF,Amare Thomas,0,0,0,0,0,31,1,58,742,5,0,0,171.3
Big12,HOUSTON,WR4,Jonathan Bibbs,0,0,0,0,0,45,0,30,415,3,0,0,94
Big12,HOUSTON,TE1,Patrick Overmyer,0,0,0,0,0,0,0,34,396,4,0,0,96.6
Big12,HOUSTON,TE2,Traville Frederick Jr.,0,0,0,0,0,0,0,15,164,1,0,0,37.4
Big12,HOUSTON,K,Evan Noel,0,0,0,0,0,0,0,0,0,0,20,57,117
Big12,IOWA STATE,QB1,Jaylen Raynor,226,344,2816,21,10,548,7,0,0,0,0,0,331.4
Big12,IOWA STATE,QB2,Zane Flores,33,52,428,4,2,44,0,0,0,0,0,0,37.9
Big12,IOWA STATE,RB1,Cameron Pettaway,0,0,0,0,0,962,9,21,178,1,0,0,223
Big12,IOWA STATE,RB2,Aiden Flora,0,0,0,0,0,586,5,16,132,1,0,0,139.8
Big12,IOWA STATE,RB3,Jayden Jackson,0,0,0,0,0,274,2,8,66,0,0,0,56
Big12,IOWA STATE,WRX,Cody Jackson,0,0,0,0,0,18,0,64,918,7,0,0,198.6
Big12,IOWA STATE,WRZ,Carter Pabst,0,0,0,0,0,14,0,41,564,4,0,0,104.8
Big12,IOWA STATE,WRF,Omari Hayes,0,0,0,0,0,36,1,58,742,6,0,0,183.4
Big12,IOWA STATE,WR4,Evan Boyd,0,0,0,0,0,11,0,32,438,3,0,0,92.9
Big12,IOWA STATE,TE1,Tyler Fortenberry,0,0,0,0,0,0,0,43,516,5,0,0,124.6
Big12,IOWA STATE,TE2,Christian Greenlaw,0,0,0,0,0,0,0,18,204,2,0,0,48.4
Big12,IOWA STATE,K,Kyle Konrardy,0,0,0,0,0,0,0,0,0,0,23,59,128
Big12,KANSAS,QB1,Isaiah Marshall,238,361,2964,23,11,482,6,0,0,0,0,0,322.8
Big12,KANSAS,QB2,Cole Ballard,32,49,418,3,2,58,1,0,0,0,0,0,42.5
Big12,KANSAS,RB1,Dylan Edwards,0,0,0,0,0,1184,11,34,326,3,0,0,311
Big12,KANSAS,RB2,Yasin Willis,0,0,0,0,0,524,5,14,118,1,0,0,126.2
Big12,KANSAS,RB3,Jalen Dupree,0,0,0,0,0,242,2,7,54,0,0,0,49.6
Big12,KANSAS,WRX,Nik McMillan,0,0,0,0,0,21,0,66,944,7,0,0,203.5
Big12,KANSAS,WRZ,Nahzae Cox,0,0,0,0,0,16,0,43,602,4,0,0,112.8
Big12,KANSAS,WRF,Cam Pickett,0,0,0,0,0,38,1,61,786,6,0,0,193.4
Big12,KANSAS,WR4,Jaden Nickens,0,0,0,0,0,18,0,39,544,4,0,0,119.2
Big12,KANSAS,TE1,Carson Bruhn,0,0,0,0,0,0,0,37,428,4,0,0,102.8
Big12,KANSAS,TE2,Leyton Cure,0,0,0,0,0,0,0,22,266,3,0,0,66.6
Big12,KANSAS,K,Martin Connington,0,0,0,0,0,0,0,0,0,0,21,61,124
Big12,KANSAS STATE,QB1,Avery Johnson,218,334,2816,23,10,618,7,0,0,0,0,0,317.4
Big12,KANSAS STATE,QB2,Jacob Knuth,26,41,348,3,1,118,2,0,0,0,0,0,56.7
Big12,KANSAS STATE,RB1,Joe Jackson,0,0,0,0,0,986,10,18,146,1,0,0,235.2
Big12,KANSAS STATE,RB2,Rodney Fields Jr.,0,0,0,0,0,612,6,16,128,1,0,0,148
Big12,KANSAS STATE,RB3,Jay Harris,0,0,0,0,0,318,3,9,74,0,0,0,65.2
Big12,KANSAS STATE,WRX,Jaron Tibbs,0,0,0,0,0,18,0,59,864,7,0,0,187.2
Big12,KANSAS STATE,WRZ,Josh Manning,0,0,0,0,0,24,1,52,748,6,0,0,176
Big12,KANSAS STATE,WRF,Izaiah Williams,0,0,0,0,0,41,1,67,796,5,0,0,197.7
Big12,KANSAS STATE,WR4,Adonis Moise,0,0,0,0,0,14,0,31,432,3,0,0,91.6
Big12,KANSAS STATE,TE1,Garrett Oakley,0,0,0,0,0,0,0,36,418,4,0,0,100.8
Big12,KANSAS STATE,TE2,Linkon Cure,0,0,0,0,0,0,0,24,286,3,0,0,70.6
Big12,KANSAS STATE,K,Luis Rodriguez,0,0,0,0,0,0,0,0,0,0,22,64,130
Big12,OKLAHOMA STATE,QB1,Drew Mestemaker,259,398,3386,27,13,268,4,0,0,0,0,0,311.2
Big12,OKLAHOMA STATE,QB2,Grant Jordan,31,49,418,3,2,58,1,0,0,0,0,0,43.5
Big12,OKLAHOMA STATE,RB1,Caleb Hawkins,0,0,0,0,0,1214,11,31,276,2,0,0,307
Big12,OKLAHOMA STATE,RB2,Ayo Adeyi,0,0,0,0,0,472,4,14,124,1,0,0,116.6
Big12,OKLAHOMA STATE,RB3,Tre Page III,0,0,0,0,0,214,2,7,58,0,0,0,45.2
Big12,OKLAHOMA STATE,WRX,Justin Bowick,0,0,0,0,0,18,0,69,1036,8,0,0,227.4
Big12,OKLAHOMA STATE,WRZ,Wyatt Young,0,0,0,0,0,22,0,49,706,5,0,0,152.8
Big12,OKLAHOMA STATE,WRF,Chris Barnes,0,0,0,0,0,41,1,66,864,6,0,0,208.5
Big12,OKLAHOMA STATE,WR4,Miles Coleman,0,0,0,0,0,16,0,44,626,5,0,0,138.2
Big12,OKLAHOMA STATE,TE1,Donovan Green,0,0,0,0,0,0,0,44,512,5,0,0,123.2
Big12,OKLAHOMA STATE,TE2,Oscar Hammond,0,0,0,0,0,0,0,18,228,2,0,0,53.2
Big12,OKLAHOMA STATE,K,Sam Keltner,0,0,0,0,0,0,0,0,0,0,22,61,127
Big12,TCU,QB1,Jaden Craig,251,384,3278,26,12,418,5,0,0,0,0,0,319.9
Big12,TCU,QB2,Adam Schobel,29,47,382,3,2,62,1,0,0,0,0,0,42.5
Big12,TCU,RB1,Jeremy Payne,0,0,0,0,0,982,9,23,202,2,0,0,237.4
Big12,TCU,RB2,Landon Walker,0,0,0,0,0,548,5,15,128,1,0,0,133.6
Big12,TCU,RB3,Jon Denman,0,0,0,0,0,246,2,7,58,0,0,0,50.4
Big12,TCU,WRX,Jordan Dwyer,0,0,0,0,0,18,0,68,1018,8,0,0,222.6
Big12,TCU,WRZ,Jeremy Scott,0,0,0,0,0,24,1,53,742,6,0,0,176.6
Big12,TCU,WRF,Ed Small,0,0,0,0,0,37,1,64,826,6,0,0,201.3
Big12,TCU,WR4,Major Everhart,0,0,0,0,0,14,0,34,486,3,0,0,101.2
Big12,TCU,TE1,Lafayette Kaiuway,0,0,0,0,0,0,0,41,518,5,0,0,124.8
Big12,TCU,TE2,Ka'Morreun Pimpton,0,0,0,0,0,0,0,26,318,3,0,0,75.8
Big12,TCU,K,Kyle Lemmermann,0,0,0,0,0,0,0,0,0,0,22,64,130
Big12,TEXAS TECH,QB1,Will Hammond,255,402,3375,26,15,390,5,0,0,0,0,0,338.2
Big12,TEXAS TECH,QB2,Lloyd Jones III,24,39,318,3,1,52,1,0,0,0,0,0,36.9
Big12,TEXAS TECH,RB1,Cameron Dickey,0,0,0,0,0,1218,11,34,276,3,0,0,267.4
Big12,TEXAS TECH,RB2,J'koby Williams,0,0,0,0,0,472,4,15,96,1,0,0,101.8
Big12,TEXAS TECH,RB3,Quinten Joyner,0,0,0,0,0,286,3,10,52,1,0,0,67.8
Big12,TEXAS TECH,WRX,Micah Hudson,0,0,0,0,0,22,0,78,1048,10,0,0,245
Big12,TEXAS TECH,WRZ,Kenny Johnson,0,0,0,0,0,31,1,61,746,7,0,0,186.7
Big12,TEXAS TECH,WRF,Coy Eakin,0,0,0,0,0,36,1,58,612,5,0,0,158.8
Big12,TEXAS TECH,WR4,Donte Lee Jr.,0,0,0,0,0,18,0,34,412,3,0,0,95
Big12,TEXAS TECH,TE1,Terrance Carter Jr.,0,0,0,0,0,0,0,42,428,5,0,0,114.8
Big12,TEXAS TECH,TE2,Jett Carpenter,0,0,0,0,0,0,0,14,156,1,0,0,35.6
Big12,TEXAS TECH,K,Stone Harrington,0,0,0,0,0,0,0,0,0,0,24,71,143
Big12,UTAH,QB1,Devon Dampier,224,338,2846,22,10,812,11,0,0,0,0,0,398.4
Big12,UTAH,QB2,Byrd Ficklin,28,43,356,3,2,96,1,0,0,0,0,0,48.8
Big12,UTAH,RB1,Wayshawn Parker,0,0,0,0,0,1112,11,25,194,2,0,0,268.6
Big12,UTAH,RB2,Steve Chavez-Soto,0,0,0,0,0,494,5,13,106,1,0,0,119
Big12,UTAH,RB3,Daniel Bray,0,0,0,0,0,226,2,6,52,0,0,0,46.8
Big12,UTAH,WRX,Larry Simmons,0,0,0,0,0,18,0,63,902,7,0,0,194
Big12,UTAH,WRZ,Braden Pegan,0,0,0,0,0,16,0,42,564,4,0,0,105
Big12,UTAH,WRF,Creed Whittemore,0,0,0,0,0,48,1,67,748,5,0,0,188.6
Big12,UTAH,WR4,Tobias Merriweather,0,0,0,0,0,21,0,37,486,4,0,0,107.7
Big12,UTAH,TE1,Hunter Andrews,0,0,0,0,0,0,0,39,432,5,0,0,111.2
Big12,UTAH,TE2,Noah Bennee,0,0,0,0,0,0,0,16,184,2,0,0,42.4
Big12,UTAH,K,Dillon Curtis,0,0,0,0,0,0,0,0,0,0,23,62,131
Big12,WEST VIRGINIA,QB1,Michael Hawkins Jr.,216,334,2718,20,14,676,9,0,0,0,0,0,337.3
Big12,WEST VIRGINIA,QB2,Scotty Fox Jr.,26,41,322,3,2,88,1,0,0,0,0,0,45.7
Big12,WEST VIRGINIA,RB1,Cam Cook,0,0,0,0,0,1362,13,28,228,2,0,0,332
Big12,WEST VIRGINIA,RB2,Amari Latimer,0,0,0,0,0,396,4,12,96,1,0,0,97.2
Big12,WEST VIRGINIA,RB3,Chris Talley,0,0,0,0,0,176,1,6,44,0,0,0,32
Big12,WEST VIRGINIA,WRX,Prince Strachan,0,0,0,0,0,18,0,58,826,7,0,0,178.6
Big12,WEST VIRGINIA,WRZ,Jaden Bray,0,0,0,0,0,22,0,45,626,5,0,0,136.8
Big12,WEST VIRGINIA,WRF,DJ Epps,0,0,0,0,0,36,1,55,684,5,0,0,167.8
Big12,WEST VIRGINIA,WR4,John Neider,0,0,0,0,0,14,0,28,364,3,0,0,77
Big12,WEST VIRGINIA,TE1,Ryan Ward,0,0,0,0,0,0,0,35,388,4,0,0,94.8
Big12,WEST VIRGINIA,TE2,Cameron Ball,0,0,0,0,0,0,0,14,152,2,0,0,37
Big12,WEST VIRGINIA,K,Jack Cassidy,0,0,0,0,0,0,0,0,0,0,21,59,122
Notre Dame,NOTRE DAME,QB1,CJ Carr,245,360,3250,29,8,170,4,0,0,0,0,0,271
Notre Dame,NOTRE DAME,QB2,Blake Hebert,28,42,340,3,1,40,1,0,0,0,0,0,33.6
Notre Dame,NOTRE DAME,RB1,Aneyas Williams,0,0,0,0,0,910,11,24,230,2,0,0,216
Notre Dame,NOTRE DAME,RB2,Nolan James Jr.,0,0,0,0,0,410,4,8,60,0,0,0,79
Notre Dame,NOTRE DAME,RB3,Kedren Young,0,0,0,0,0,340,5,4,35,0,0,0,71.5
Notre Dame,NOTRE DAME,WRX,Jordan Faison,0,0,0,0,0,20,0,58,780,6,0,0,174
Notre Dame,NOTRE DAME,WRZ,Quincy Porter,0,0,0,0,0,0,0,42,610,5,0,0,133
Notre Dame,NOTRE DAME,WRF,Mylan Graham,0,0,0,0,0,15,0,37,480,4,0,0,110.5
Notre Dame,NOTRE DAME,WR4,Cam Williams,0,0,0,0,0,5,0,25,315,3,0,0,75
Notre Dame,NOTRE DAME,TE1,Cooper Flanagan,0,0,0,0,0,0,0,22,260,3,0,0,66
Notre Dame,NOTRE DAME,TE2,James Flanigan,0,0,0,0,0,0,0,8,90,1,0,0,23
Notre Dame,NOTRE DAME,K,Spencer Porath,0,0,0,0,0,0,0,0,0,0,12,54,90
